Tiếng Anh,Tiếng Việt
Abigail,Abigail
Abigail's Flower,Hoa của Abigail
Sequitor,Kẻ Kế Tục
Lever,Cần Gạt
Accomploshrine,Đền Thành Tựu
Acid Rain,Mưa axit
Birchnut,Hạt Cây Dẻ Bulô
Roasted Birchnut,Hạt Cây Dẻ Bulô nướng
Birchnut Sapling,Cây Dẻ Bulô con
Maxwell's Door,Cổng Maxwell
Enlightened Crown,Vương Miện Khai Sáng
Enlightened Shard,Mảnh khai sáng
Minor Gestalt,Tiểu Sinh Vô Định
Lunar Essence ExtractorLunar Essence Extractor,Máy Chiết Xuất Tinh Chất Mặt Trăng
Celestial Champion,Chiến Binh Thiên Hà
Celestial Revenant,Oán Linh Thiên Thể
Pure Gestalt,Vô định tinh khiết
Moonglass Spike,Tinh thể mặt trăng tăng đột biến
Defeated Celestial Champion,Chiến Binh Bại Trận
Enlightening Snare,Bẫy Giác Ngộ
Celestial Scion,Hậu Duệ Thiên Hà
Life Giving Amulet,Bùa Phục Sinh
Anchor,Dây Neo
Anchor Kit,Cuộn Dây Neo
"\""Moon\"" Sketch",Bản Phác Tượng Mặt Trăng
Geode Fruit,Quả Đá
Nightberry,Quả Dâu Đêm
Cooked Nightberry,Quả Dâu Đêm Nấu Chín
Sproutrock,Cây mầm đá
Young Sproutrock,Cây Mầm đá non
Sproutrock Sapling,Chồi cây mầm đá
Gloomthorn,Cây Gai Đêm
Young Gloomthorn,Cây Gai Đêm non
Gloomthorn Sapling,Chồi Cây Gai Đêm
Surprising Seed,Hạt Giống Bất Ngờ
Planted Surprising Seed,Hạt Giống Bất Ngờ được trồng
Ancient Pseudoscience Station,Đài Giả Khoa Cổ Đại
Broken Ancient Pseudoscience Station,Đài Giả Khoa Đổ Nát
Ancient Remains,Di tích cổ xưa
Ancient Statue,Tượng cổ
Animal Track,Dấu động vật
Antlion,Kiến Sư Tử
Turf-Raiser Helm,Nón Xới Đất
Beach Toy,Đồ chơi bãi biển
Sinkhole,Hố
Ancient Sentrypede,Rết Máy Cổ Đại
Sentrypede Husk,Xác Rết Máy
Ancient Kiln,Lò Cổ Đại
Distilled Knowledge,Bí Tịch
Fountain of Knowledge,Đài Phun Tri Thức
Ancient Moon Statue,Tượng Trăng Cổ Đại
Ancient Orchestrina,Dàn nhạc cổ đại
Sealed Portal,Cổng Niêm Phong
Astral Detector,Máy Dò Địa Chất
Ancient Lunarune Stone,Tượng Đá Nguyệt Tự
Ancient Guard Post,Trụ Gác Cổ Đại
Ornate Pedestal,Bệ Văn Hoa
Scalemail,Giáp Đánh Vảy
Dreadstone Armor,Giáp Kinh Hoàng
Grass Suit,Giáp Cỏ
Marble Suit,Giáp cẩm thạch
Thulecite Suit,Giáp Thulecite
Bone Armor,Giáp xương
Belt of Hunger,Thắt Lưng Tuyệt Thực
Snurtle Shell Armor,Giáp Vỏ Sên
W.A.R.B.I.S. Armor,Giáp W.A.R.B.I.S.
Log Suit,Giáp gỗ
Bramble Husk,Giáp Mâm Xôi
Coat of Carrots,Giáp Cà rốt
Brightshade Armor,Giáp Ánh Sáng
Brambleshade Armor,Giáp Gai Mâm Xôi
Night Armor,Giáp Bóng Tối
Void Robe,Áo Choàng Hư Không
Gilded Knight's Chest Plate,Tấm giáp ngực của Đồng Hồ Mã Mạ Vàng
Directional Sign,Bảng Chỉ Hướng
Ashes,Tro
Asparagus,Măng Tây
Asparagus Soup,Súp Măng Tây
Roasted Asparagus,Măng Tây Nướng
Giant Asparagus,Măng Tây Khổng Lồ
Giant Rotting Asparagus,Măng Tây Khổng Lồ Thối Rữa
Tubular Seeds,Hạt Măng Tây
Ancient Gateway,Cổng Cổ Xưa
Ancient Key,Chìa khóa cổ
Ancient Beacon,Đèn Hiệu Cổ Đại
Ancient Obelisk,Tháp Cổ Đại
Ancient Mural,Tranh Tường Cổ Đại
Axe,Rìu
Baby Beefalo,Bò Lai Sơ Sinh
Backpack,Ba Lô
Bacon and Eggs,Thịt Xông Khói và Trứng
JIMBO,JIMBO
Balloon,Bong bóng
Balloon Hat,Mũ Bóng Bay
Party Balloon,Bóng Bay Tiệc Tùng
Speedy Balloon,Bóng Bay Mau Lẹ
Pile o' Balloons,Đống Bong Bóng
Inflatable Vest,Vest Bơm Hơi
Banana Bush,Bụi chuối
Banana Shake,Chuối Lắc
Banana Pop,Que Chuối
Honey Poultice,Thuốc mật ong
Flutter Strip,Dải Gạc Cánh Bướm
Barnacles,Hà Biển
Barnacle Pita,Bánh Cuộn Hà Biển
Stuffed Fish Heads,Đầu Cá Nhồi
Barnacle Nigiri,Nigiri Hà Biển
Cooked Barnacles,Hà Biển Nướng
Barnacle Linguine,Linguine Hà Biển
Basalt,Bazan
Basalt Pillar,Cột đá Bazan
Batilisk,Dơi
Bat Bat,Chày cánh dơi
Bat Cave,Hang Dơi
Bath Bomb,Bom Ngâm
Bath Bomb Blueprint,Bản Thảo Bom Ngâm
Naked Nostrils,Mũi Chuột Trụi
Milkmade Hat,Nón Truyền Sữa
Charred Nostrils,Mũi Chuột Thui
Battle Call Canister,Hộp Đựng Chiến Ca
Weaponized Warble,Chiến Ca Vũ Trang
Fireproof Falsetto,Chiến Ca Kháng Hỏa
Heartrending Ballad,Chiến Ca Thổn Thức
Startling Soliloquy,Chiến Ca Độc Thoại Kinh Hãi
Warrior's Reprise,Chiến Ca Tái Chiến
Rude Interlude,Chiến Ca Gián Đoạn Thô Lỗ
Enlightened Lullaby,Chiến Ca Ru Ngủ Khai Sáng
Bel Canto of Courage,Chiến Ca Dũng Khí
Clear Minded Cadenza,Chiến Ca Tinh Thần Minh Mẫn
Dark Lament,Chiến Ca Hắc Ai
Batilisk Wing,Cánh dơi
Cooked Batilisk Wing,Cánh dơi nướng
Beard Hair,Râu cạo
Bearger,Gấu Lửng
Polar Bearger Bin,Thùng Gấu Bắc Cực
Hibearnation Vest,Vest Gấu Ngủ Đông
Thick Fur,Lông Dày
Lucky Beast Costume Pattern,Bản Vẽ Bộ Kỳ Lân
Fur Roll,Chiếu lông
Straw Roll,Chiếu rơm
Bee,Ong
Bee Box,Thùng Ong
Beefalo,Bò Lai
Steamed Twigs,Cành Cây Hầm
Beefalo Hat,Mũ Sừng Bò
Beefalo Treats,Bánh Thưởng Cho Bò
Beefalo Wool,Lông bò
{buddy}'s Beefalo,Bò của {buddy}
Domesticated Beefalo,Bò thuần hóa
Beefalo Grooming Station,Trạm Chải Lông Bò
Grooming Station Kit,Bộ Trạm Chải Lông
Beefalo Bell,Chuông Bò Lai
Grumble Bee,Ong Chiến Binh
Beekeeper Hat,Mũ Chăn Ong
Beehive,Tổ ong
Bee Mine,Bẫy ong
Maxwell's Mosquito Trap,Bẫy muỗi của Maxwell
Bee Queen,Ong Chúa
Honey Patch,Thảm Bánh Mật
Somewhat Gigantic Beehive,Một số tổ ong khổng lồ
Gigantic Beehive,Tổ Ong Khổng Lồ
Beeswax,Sáp ong
Embalming Spritz,Xịt Kìm Hãm
Infernal Swineclops,Độc Nhãn Âm Ty
Old Bell,Chuông cổ
Bernie,Bernie
BERNIE!,BERNIE!
Berries,Dâu Rừng
Roasted Berries,Dâu Rừng Rang
Juicy Berries,Dâu mọng
Roasted Juicy Berries,Dâu Mọng Rang
Berry Bush,Bụi Dâu
Juicy Berry Bush,Bụi Dâu Mọng
Merry Berrysauce,Sốt Dâu Rừng
Bibingka,Bánh Gạo Nướng
Biiigfoot,Chân To
Guardian Shadow Tentacle,Xúc tu bóng tối bảo vệ
Birchnutter,Quái Dẻ Bulô
Birdcage,Lồng chim
Bird Trap,Bẫy chim
Egg,Trứng
Cooked Egg,Trứng rán
Moonblind Crow,Quạ Mù Mặt Trăng
Misshapen Bird,Chim Méo Mó
Clockwork Bishop,Quân Tượng
Damaged Bishop,Quân Tượng hỏng
Black Flag,Cờ Hải Tặc
Fire Dart,Tiêu lửa
Darts,Tiêu
Molten Darts,Tiêu Nóng Chảy
Blow Dart,Tiêu thổi
Sleep Dart,Tiêu thuốc mê
Electric Dart,Tiêu điện
Chilled Amulet,Bùa Lạnh
Blue Gem,Ngọc Lam
Blue Moonlens,Thấu kính mặt trăng xanh
Blueprint,Bản thiết kế
Imitation Ruins Turf Blueprints,Bản thiết kế nền Gạch Giả Cổ
Ruins Turf Blueprints,Bản thiết kế Gạch Cổ
Blue Cap,Nấm Lam
Cooked Blue Cap,Nấm Lam chín
Blue Mushroom,Cây nấm Lam
Blue Funcap,Mũ Nấm Ngộ Nghĩnh Xanh
Boards,Ván Ép
Bunch o' Boards,Bó Ván Gỗ
Pit Pig,Lợn Hố
Grand Forge Boarrior,Đại Chiến Binh Heo
Boat,Thuyền ván
Boat Fragment,Mảnh Thuyền Vỡ
Boat Patch,Ván Sửa Thuyền
Kelp Patch,Miếng Tảo
Race Checkpoint,Điểm Checkpoint
Race Checkpoint Kit,Bộ điểm checkpoint
Charlie's Racer,Tay đua của Charlie
Golden Buoy,Phao Vàng
Thorny Buoy,Phao gai
Thorny Buoy Kit,Bộ phao gai nhọn
Golden Buoy Kit,Bộ phao vàng
Broodling Spectator,Khán giả ấp ủ
Start Tower,Tháp xuất phát
Start Tower Kit,Bộ tháp xuất phát
Archaic Boat,Thuyền cổ
Cargo Hold,Thuyền chở hàng
Archaic Boat Kit,Bộ thuyền cổ xưa
Crab King Bumper,Giảm chấn cua hoàng đế
Crab King Bumper Kit,Bộ giảm chấn cua hoàng đế
Kelp Bumper,Tảo Giảm Chấn
Kelp Bumper Kit,Bộ Tảo Giảm Chấn
Shell Bumper,Mai Giảm Chấn
Shell Bumper Kit,Bộ Mai Giảm Chấn
Fanged Bumper,Giảm chấn răng nanh
Fanged Bumper Kit,Bộ giảm chấn răng nanh
Cannon,Đại Bác
Cannon Kit,Bộ Đại Bác
Grass Raft,Bè Rơm
Grass Raft Kit,Bộ Bè Rơm
Boat Kit,Thuyền Ván
Leak,Rò rỉ
Nautopilot,Tự Lái Hàng Hải
Nautopilot Beacon,Dẫn Đường Tự Lái
Nautopilot Kit,Bộ Tự Lái Hàng Hải
Pirate Sloop,Bè Hải Tặc
Rudder,Cần Điều Hướng
Rudder Kit,Bộ Cần Điều Hướng
Beefalo Pillow Armor,Giáp Gối Bò Lai
Kelpy Pillow Armor,Áo Giáp Gối Tảo
Flowery Pillow Armor,Giáp Gối Hoa
Steel Wool Pillow Armor,Áo Giáp Gối Len Thép
Brightshade Bomb,Bom Ánh Sáng
Bone Shards,Mảnh xương
Bone Bouillon,Canh Xương Hầm
Meaty Stew,Thịt Hầm
Bookcase,Tủ sách
Apicultural Notes,Cẩm Nang Chăn Ong
Birds of the World,Những Con Chim Của Thế Giới
The End is Nigh!,Kết Thúc Tới Gần!
Tome of Beckoning,Sách Kêu Gọi
Pyrokinetics Explained,Ngự Hoả Nguyên Tố
The Angler's Survival Guide,Ngư Ông Đắc Lợi
Petrifying Tome,Sách Hóa Thạch
Applied Horticulture,Ứng dụng làm Vườn
"Horticulture, Abridged","Làm Vườn, Rút Gọn"
"Horticulture, Expanded","Làm Vườn, Mở Rộng"
Lux Aeterna,Hào Quang Vĩnh Cửu
Lux Aeterna Redux,Triệu Quang Thần Điển
Lunar Grimoire,Nguyệt Ma Đạo Thư
Practical Rain Rituals,Đảo Vũ
The Everything Encyclopedia,Bách Khoa Toàn Thư
Applied Silviculture,Ứng Dụng Lâm Nghiệp
Sleepytime Stories,Câu Chuyện Ru Ngủ
Tempering Temperatures,Điều Hoà Thân Nhiệt
On Tentacles,Phía Trên Xúc Tua
Overcoming Arachnophobia,Giăng Tơ
Boomerang,Boomerang
Bootleg Getaway,Ủng Bỏ Trốn
Thorns,Gai
Brush,Chải
Bug Net,Vợt côn trùng
Bull Kelp,Tảo Biển
Bull Kelp Stalk,Thân Tảo Biển
Bundled Supplies,Bọc Gói
Bundling Wrap,Giấy gói
Bunnyman,Thỏ Người
Bunny Stew,Thỏ Hầm
Spiky Bush,Bụi Gai
Bush Hat,Mũ Bụi Cây
Butter,Bơ
Butterfly,Bướm
Butter Muffin,Bánh bơ
Butterfly Wings,Cánh bướm
Moon Moth Sketch,Phác thảo mặt trăng
Buzzard,Diều Hâu
Cabbage Rolls,Bắp Cải Cuộn
Cactus,Xương rồng
Cactus Flower,Hoa xương rồng
Cactus Flesh,Xác Xương Rồng
Cooked Cactus Flesh,Xác Xương Rồng Chín
California Roll,Cơm Cuộn California
Campfire,Lửa trại
Canary,Chim hoàng yến
Canary (Volatile),Chim hoàng yến (hấp hối)
Candy Bag,Túi kẹo
Walking Cane,Gậy đi bộ
Cannonball,Đạn Pháo
Confetti Cannon,Pháo hoa giấy
Confetti Cannon Kit,Bộ pháo hoa giấy
Glitter Cannon,Pháo Lấp Lánh
Glitter Cannon Kit,Bộ Pháo Lấp Lánh
Streamer Cannon,Pháo Dây Giấy
Streamer Cannon Kit,Bộ Pháo Dây Giấy
Light Catcher,Đèn Bắt Sáng
Light Catcher Kit,Bộ Đèn Bắt Sáng
Mini Ferris Wheel,Đu Quay Nhỏ
Mini Ferris Wheel Kit,Bộ Đu Quay Nhỏ
Mini Swing Carousel,Bộ Xích Đu Nhỏ
Mini Swing Carousel Kit,Bộ Bộ Xích Đu Nhỏ
Mini Pendulum Ride,Thuyền Lắc Nhỏ
Mini Pendulum Ride Kit,Bộ Thuyền Lắc Nhỏ
Mini Tower Drop,Tháp Rơi Nhỏ
Mini Tower Drop Kit,Bộ Tháp Rơi Nhỏ
Mini Spinning Eggcups,Trò Chơi Ly Trứng Xoay Mini
Mini Spinning Eggcups Kit,Bộ Trò Chơi Ly Trứng Xoay Mini
Mini Rollercoaster,Tàu lượn siêu tốc mini
Mini Rollercoaster Kit,Bộ tàu lượn siêu tốc mini
Common Cawnival Statuette,Tượng Hạ chí phổ biến
Green Mystery Box,Hộp bí ẩn xanh
Yellow Mystery Box,Hộp bí ẩn màu vàng
Red Mystery Box,Hộp bí ẩn màu đỏ
Rare Cawnival Statuette,Tượng Hạ chí hiếm
Uncommon Cawnival Statuette,Tượng Hạ chí không phổ biến
Midsummer Night Light,Bộ Đèn Đêm Hạ Chí
Midsummer Night Light Kit,Bộ Đèn Đêm Hạ Chí
Miniature Tree,Cây thu nhỏ
Miniature Tree Kit,Bộ Cây thu nhỏ
Corny Slush,Chè Ngô
Grub,Con Sâu
Hubbub for Grub Kit,Bộ Tiếng Kêu Đòi Sâu
Hungry Crow,Quạ Đói
Trapdoor,Cửa sập
Hubbub for Grub,Tiếng Kêu Đòi Sâu
Golf Ball,Quả bóng gôn
Putter,Gậy Gạt Bóng
Custom Mini-Golf Kit,Bộ chơi gôn mini tùy chỉnh
Beginner Mini-Golf Kit,Bộ chơi gôn mini cho người mới bắt đầu
Expert Mini-Golf Kit,Bộ chơi gôn mini chuyên nghiệp
Standard Mini-Golf Kit,Bộ chơi gôn mini tiêu chuẩn
Carrot Obstacle,Chướng ngại vật cà rốt
Tentacle Obstacle,Chướng ngại vật xúc tu
Rose Obstacle,Chướng ngại vật hoa hồng
Ham Bat Obstacle,Chướng ngại vật Chày Thịt
Corn Obstacle,Chướng ngại vật ngô
Mushroom Obstacle,Chướng ngại vật nấm
Bearger Obstacle,Chướng ngại vật Gấu Lửng
Deerclops Obstacle,Chướng ngại vật Deerclops
Spider Obstacle,Chướng ngại vật nhện
Dragonfly Obstacle,Chướng ngại vật chuồn chuồn
Fan,Cái quạt
Mini-Golf Boundary Fence,Hàng rào ranh giới sân gôn mini
Counter Clockwise Medium Spin Plate,Đĩa Xoay Cỡ Vừa Ngược Chiều Kim Đồng Hồ
Clockwise Medium Spin Plate,Đĩa Xoay Cỡ Vừa Theo Chiều Kim Đồng Hồ
Blue Pop-up Blocker,Tấm Chặn Nảy Lên Màu Xanh
Red Pop-up Blocker,Tấm Chặn Nảy Lên Màu Đỏ
Counter Clockwise Small Spin Plate,Đĩa Xoay Cỡ Nhỏ Ngược Chiều Kim Đồng Hồ
Clockwise Small Spin Plate,Đĩa Xoay Cỡ Nhỏ Theo Chiều Kim Đồng Hồ
Persistent Directional Springboard,Bàn Bật Định Hướng Bền Bỉ
Persistent Springboard,Bàn Bật Bền Bỉ
Springboard,Bàn Bật
Directional Springboard,Bàn Bật Định Hướng
Mini Worm Hole,Lỗ giun nhỏ
Sick Mini Worm Hole,Hố Giun Nhỏ Bệnh Tật
Mini-Golf Flaghole,Lỗ cắm cờ mini
Mini-Golf Flaghole Kit,Bộ lỗ cắm cờ mini cho sân gôn mini
Course Wall,Rào Chắn Sân Golf
Mini-Golf Ball Dropper,Máy Thả Bóng Golf Mini
Mini-Golf Ball Dropper Kit,Bộ Thiết Bị Máy Thả Bóng Golf Mini
Scrambling Egg,Tranh Giành Trứng
Egg Scramble Kit,Bộ Tranh Giành Trứng
Egg Scramble,Tranh Giành Trứng
Egg Basket,Giỏ trứng
Eggs in a Basket Kit,Bộ Trứng Trong Giỏ
Eggs in a Basket,Trứng Trong Giỏ
Birdhouse Ball Drop Kit,Bộ Nhà Chim Thả Bóng
Birdhouse Ball Drop,Nhà Chim Thả Bóng
Button,Cái nút
Nest Defender,Người Canh Tổ
Nest Defender Kit,Bộ Người Canh Tổ
Target,Mục tiêu
Cuckoo Spinwheel Kit,Bộ Con Quay Cúc Cu
Cuckoo Spinwheel,Con Quay Cúc Cu
Shiny Red Ball,Bóng đỏ sáng bóng
Crow Kid,Crow Kid
Cawnival Token,Xu Kỷ Niệm
Cawnival Tokens,Xu Kỷ Niệm
Corvus Goodfeather,Corvus Goodfeather
Cawnival Tree,Cây Kỷ Niệm
Cawnival Sapling,Cây Con Kỷ Niệm
Prize Booth,Gian hàng giải thưởng
Prize Booth Kit,Bộ giải thưởng
Prize Tickets,Vé Thưởng
Seed Clusters,Gói Hạt Giống
Chirpy Scarf,Khăn quàng cổ
Chirpy Cloak,Áo Choàng Vui Nhộn Xanh Lá
Chirpy Capelet,Áo Choàng Vui Nhộn Vàng
Moon Glass Saw Blade,Lưỡi Cưa Thủy Tinh Trăng
Sawhorse,Bàn Cưa
Carrat,Cà Ruột
Carrat Shrine,Miếu Thờ Cà Ruột
Charlie's Carrat,Cà Ruột Bóng Đêm
Carrot,Cà rốt
Roasted Carrot,Cà rốt nướng
Giant Carrots,Cà Rốt Khổng Lồ
Giant Rotting Carrots,Cà Rốt Khổng Lồ Thối Rữa
Oblong Seeds,Hạt Thuôn
Cartographer's Desk,Bàn vẽ bản đồ
Catcoon,Mèo Trúc
Hollow Stump,Gốc Rỗng
Cat Cap,Mũ Da Mèo
Wind-up Mouse Toy,Đồ chơi chuột gió
Boulder,Tảng đá
Banana,Chuối
Cooked Banana,Chuối nướng
Cave Banana Tree,Cây chuối hang
Plugged Sinkhole,Hố được chặn
Deeper,Sâu hơn
Plugged Hole,Hố được chặn
Stairs,Cầu thang
Fern,Dương xỉ
Withered Fern,Dương Xỉ Héo
Geothermite,Mối Địa Nhiệt
Fumarole,Miệng Phun Địa Nhiệt
Rope,Dây thừng
Ceviche,Gỏi Hải Sản
Charcoal,Than
Charlie,Charlie
Dark Vestige,Di tích đen tối
Fragile Rose,Hoa hồng dễ vỡ
Beckoning Hand,Bàn Tay Vẫy Gọi
Mockingbird,Chim Nhại
Playbill,Áp Phích Kịch
Shadow Queen,Nữ hoàng bóng tối
Stage,Sân khấu
Broken Clockworks,Máy Đồng Hồ Hỏng
Anchor Figure,Tượng Mỏ Neo
Anchor Figure Sketch,Bản Phác Tượng Mỏ Neo
Antlion Figure,Tượng Kiến Sư Tử
Bearger Figure,Tượng Gấu Lửng
Armored Bearger Figure,Tượng Gấu Lửng Bọc Giáp
Armored Bearger Figure Sketch,Bản phác thảo tượng Gấu Lửng Bọc Giáp
Beefalo Figure,Tượng Bò Lai
Beefalo Figure Sketch,Bản Vẽ Tượng Bò Lai
Bee Queen Figure,Tượng Ong Chúa
Bishop Figure,Quân Cờ Tượng
Moon Moth Figure,Tượng Bướm Đêm
Moon Moth Figure Sketch,Bản Thảo Tượng Bướm Đêm
Carrat Figure,Tượng Cà Ruột
Carrat Figure Sketch,Bản Thảo Tượng Cà Ruột
Catcoon Figure,Tượng Mèo
Catcoon Figure Sketch,Bản Thảo Tượng Mèo
Hound Figure,Tượng Chó Săn
Hound Figure Sketch,Bản Thảo Tượng Chó Săn
Varg Figure,Tượng Chó Sói
Clay Varg Figure Sketch,Phác thảo Tượng Chó Sói
Crab King Figure,Tượng Cua Hoàng Đế
Crab King Figure Sketch,Bản thảo Tượng Cua Hoàng Đế
Nightmare Werepig Figure,Tượng Lợn Sói Bóng Đêm
Scrappy Werepig Figure,Tượng Lợn Sói Sắt Vụn
Scrappy Werepig Figure Sketch,Phác thảo tượng Lợn Sói Sắt Vụn
Nightmare Werepig Figure Sketch,Bản phác thảo Hình tượng Lợn sói ác mộng
Deerclops Figure,Tượng Deerclops
Crystal Deerclops Figure,Tượng Deerclops Pha Lê
Crystal Deerclops Figure Sketch,Bản phác thảo tượng Deerclops pha lê
Dragonfly Figure,Tượng Chuồn Chuồn
Eye Of Terror Figure,Tượng Nhãn Cầu Khiếp Đảm
Kingly Figure,Quân Cờ Vua
Celestial Champion Figure,Tượng Chiến Binh Thiên Hà
Celestial Champion Figure Sketch,Bản thảo Tượng Chiến Binh Thiên Hà
Carved Hornucopia,Sừng Điêu Khắc
Kitcoon Figure,Tượng Mèo Con
Kitcoon Figure Sketch,Bản Phác Tượng Mèo Con
Klaus Figure,Tượng Klaus
Knight Figure,Quân Cờ Mã
Malbatross Figure,Tượng Malbatross
Malbatross Figure Sketch,Bản thảo Tượng Malbatross
Bunnyman Figure,Tượng Thỏ Người
Bunnyman Figure Sketch,Bản Phác Tượng Thỏ
Ancient Guardian Figure,Tượng Quản Thần Cổ Đại
"\""Moon\"" Figure","Tượng \""Trăng Vỡ\"""
"\""Moon\"" Figure Sketch","Bản Thảo Tượng \""Mặt Trăng\"""
Moose Figure,Tượng Trăng Vỡ
Goose Figure,Tượng Ngỗng
Moose/Goose Figure,Tượng Ngỗng/Hươu Sừng Tấm
Queenly Figure,Quân Cờ Hậu
Pawn Figure,Quân Cờ Tốt
Bubble Pipe Carving,Tẩu Bong Bóng
Rook Figure,Quân Cờ Xe
Frostjaw Figure,Tượng Cá Mập Hàm Băng
Frostjaw Figure Sketch,Bản phác thảo tượng Cá Mập Hàm Băng
Ancient Fuelweaver Figure,Tượng Thượng Cổ Hắc Ám
Toadstool Figure,Tượng Cóc Nấm
Twins of Terror Figure,Tượng Song Trùng Khiếp Đảm
Ancient Guard Tower Figure,Tượng Tháp Canh Cổ Đại
Ancient Guard Tower Figure Sketch,Phác Thảo Tháp Canh Cổ Đại
Celestial Scion Figure,Tượng Hậu Duệ Thiên Hà
Celestial Scion Figure,Hậu Duệ Thiên Hà
Celestial Scion Figure Sketch,Bản Phác Hậu Duệ Thiên Hà
W.A.R.B.O.T. Figure,Tượng W.A.R.B.O.T.
W.A.R.B.O.T. Figure Sketch,Bản Phác Tượng W.A.R.B.O.T.
Possessed Varg Figure,Tượng Chó Sói Bị Ám
Possessed Varg Figure Sketch,Bản phác thảo tượng Chó Sói Bị Ám
Great Depths Worm Figure,Tượng Sâu Đất Khổng Lồ
Start Tower Figure,Hình tháp xuất phát
Start Tower Figure Sketch,Phác thảo Hình tháp bắt đầu
Gilded Knight Figure,Tượng Đồng Hồ Mã Mạ Vàng
Gilded Knight Figure,Hình hiệp sĩ mạ vàng
Gilded Knight Figure Sketch,Phác thảo Đồng Hồ Mã Mạ Vàng
Gilded Depths Worm Figure,Tượng Sâu Đất Mạ Vàng
Gilded Depths Worm Figure Sketch,Bản phác Tượng Sâu Đất Mạ Vàng
Chester,Chester
Eye Bone,Xương Mắt
Elastispacer,Bộ Mở Rộng Không Gian
Ornate Chest,Rương Văn Hoa
Ornery Chest,Rương lớn đáng ngờ
Fish Food,Mồi Dụ Cá
Fish Food Blueprint,Bản thiết kế Thức ăn cá
Clay Hound,Chó Săn Đất Sét
Clay Varg,Chó Sói Đất Sét
Freezing,Rét
Endothermic Fire,Lửa Thu Nhiệt
Endothermic Fire Pit,Lò Thu Nhiệt
Broken-down Chest,Rương hỏng
Compass,La bàn
Compost,Phân Trộn
Composting Bin,Máy Trộn Phân
Compost Wrap,Gói Phân Trộn
Cookbook,Sách Nấu Ăn
Cooked Mandrake,Nhân Sâm chín
Cooked Meat,Tảng thịt chín
Cooked Monster Meat,Thịt quái vật chín
Cooked Morsel,Miếng thịt chín
Cookie Cutter,Cá Xì Gà
Cookie Cutter Cap,Mũ Cá Xì Gà
Cookie Cutter Shell,Vỏ Cá Xì Gà
{item} Recipe Card,Thẻ công thức {item}
Recipe Card,Thẻ công thức
Crock Pot,Nồi Hầm
Nucleation Fluid,Chất Lỏng Kết Tinh
Cat Tail,Đuôi mèo
Corn,Ngô
Popcorn,Bỏng ngô
Giant Corn,Bắp Khổng Lồ
Giant Rotting Corn,Bắp Khổng Lồ Thối Rữa
Clustered Seeds,Hạt Bắp
Blacksmith Costume,Y Phục Thợ Rèn
Doll Costume,Y Phục Búp Bê
Fool Costume,Y Phục Thằng Hề
King Costume,Y Phục Nhà Vua
Mirror Costume,Y Phục Tấm Gương
Princess Costume,Trang phục công chúa
Queen Costume,Y Phục Nữ Hoàng
Tree Costume,Y Phục Cái Cây
Humble Lamb Idol,Tượng Cừu
Improved Lamb Idol,Tượng Cừu
Immaculate Lamb Idol,Tượng Cừu
Red Crown,Vương Miện Đỏ
Cozy Bunnyman,Thỏ Người Ấm Áp
Crab King,Cua Hoàng Đế
Cannon Tower,Tháp Pháo
Imposing Claw,Càng Cua Oai Vệ
Ice Barrier,Rào cản Băng
Crab Guard,Vệ binh Cua
Crab Knight,Hiệp sĩ Cua
Crawling Horror,Ghê Rợn
Crawling Nightmare,Ghê Sợ
Rock Den,Hang đá
Bulbin,Bulbin
Broodling,Broodling
Eets,Eets
Friendly Peeper,Friendly Peeper
Glomglom,Glomglom
Kittykit,Kittykit
Ewelet,Ewelet
Mothling,Mothling
Giblet,Giblet
Vargling,Vargling
Crop,Cây Trồng
Crow,Quạ
Cookie Crumbles,Vụn Bánh Quy
Accursed Trinket,Lắc Nguyền Rủa
Cut Grass,Cỏ khô
Cutless,Gươm Hải Tặc
Lichen,Rêu
Cut Reeds,Sậy cắt
Cut Stone,Đá xẻ
Bunch o' Stone,Bó Đá
Darkness,Bóng đêm
Nightmare Werepig,Lợn Sói Bóng Đêm
Scrappy Werepig,Lợn Sói Sắt Vụn
Cracked Pillar,Cột Trụ Nứt
Deadly Feast,Bữa tối cuối cùng
Sea Bones,Hài Cốt Biển
Birchnut Tree,Cây Dẻ Bulô
Deck Of Cards,Bộ Bài
Art?,Đồ Mỹ Nghệ?
Table Vase,Bình Hoa
Table Lamp,Đèn Bàn
Empty Frame,Khung Trống
Framed Drawing,Vẽ đóng khung
{item} Drawing,Bản vẽ {item}
Pleasant Portrait,Chân Dung Vui Vẻ
Health,Máu
Years,Năm
Sanity,Tinh thần
No-Eyed Deer,Hươu Không Mắt
Deerclops,Deerclops
Ice Crystaleyezer,Máy Tinh Thể Băng
Ice Crystaleyezer Kit,Bộ Máy Tinh Thể Băng
Deerclops Eyeball,Mắt Deerclops
Deer Antler,Nhung Hươu
INVENTORY ITEM,Đồ Vật Hòm Đồ
Grass,Cỏ
Desert Goggles,Kính Chắn Bụi
Desiccant Pouch,Túi hút ẩm
Desiccant Sack,Bao hút ẩm
Suspicious Dirt Pile,Đống đất khả nghi
Divining Rod,Que bói
Divining Rod Holder,Phần giữ que bói
Dock Kit,Bộ Lắp Bến Nổi
Dock Piling,Cọc Bến Cảng
Dolled-Up Costume Pattern,Bản Vẽ Bộ Búp Bê
Dragonfly Boat,Thuyển Chuồn Chuồn
Dragonfly Boat Kit,Bộ thuyền Chuồn Chuồn
Decked-Out Dragonfly Boat Kit,Bộ đóng thuyền Chuồn Chuồn
Lucky Beast Body,Thân Kỳ Lân
Hot Dragon Chili Salad,Sa-lát Thanh Long Nóng
Dragonfly,Chuồn Chuồn
Scaled Chest,Rương Đóng Vảy
Scaled Furnace,Lò Nhiệt
Dragon Fruit,Thanh long
Prepared Dragon Fruit,Thanh long chín
Giant Dragon Fruit,Thanh Long Khổng Lồ
Giant Rotting Dragon Fruit,Thanh Long Khổng Lồ Thối Rữa
Bulbous Seeds,Hạt Thanh Long
Lucky Beast Head,Đầu Kỳ Lân
Dragonpie,Bánh Thanh Long
Lucky Beast Tail,Đuôi Kỳ Lân
Scales,Vẩy
Dreadstone,Đá Kinh Hoàng
Dreadstone Helm,Mũ Kinh Hoàng
Dreadstone Outcrop,Mỏ Thạch Kinh Hoàng
Driftwood Piece,Mảnh Gỗ Mục
Driftwood,Cây Gỗ Mục
Drowning,Chết đuối
Drumstick,Đùi gà
Fried Drumstick,Đùi gà rán
Grass Tuft,Bụi Cỏ
Headstone,Bia mộ
Monkeytails,Sậy Đuôi Khỉ
Stone Fruit Bush,Bụi Trái Cây Đá
Sapling,Cây nhỏ
Anenemy Trap,Bẫy Hải Quỳ
Dumbbell,Tạ Tay
Icebell,Tạ Băng
Gembell,Tạ Tím
Golden Dumbbell,Tạ Vàng
Thermbell,Tạ Nhiệt
Marbell,Tạ Cẩm Thạch
Firebell,Tạ Lửa
Durian,Sầu riêng
Extra Smelly Durian,Sầu riêng siêu thối
Giant Durian,Sầu Riêng Khổng Lồ
Giant Rotting Durian,Sầu Riêng Khổng Lồ Thối Rữa
Brittle Seed Pods,Hạt Sầu Riêng
Amberosia,Cao Lương
Dust Moth,Bướm Phủi Bụi
Tidy Hidey-Hole,Kén Ngăn Nắp
Rabbit Earmuffs,Chụp Tai Lông Thỏ
Eel,Lươn
Cooked Eel,Lươn chín
Eggplant,Cà tím
Braised Eggplant,Cà tím om
Giant Eggplant,Cà Tím Khổng Lồ
Giant Rotting Eggplant,Cà Tím Khổng Lồ Thối Rữa
Swirly Seeds,Hạt Cà Tím
Picnic Casket,Giỏ Dã Ngoại
Fire Ball,Hỏa Cầu
End Table,Bàn hoa
Evergreen,Thông Thẳng
Lumpy Evergreen,Thông Chùm
Eyebrella,Ô Mắt
Eye Mask,Mặt Nạ Nhãn Cầu
Eye Of Terror,Con Mắt Hung Tàn
Suspicious Peeper,Cầu Mắt Khả Nghi
Egg Of Terror,Trứng khủng bố
Eye Plant,Cây mắt
Houndius Shootius,Pháo Mắt
Garden Hoe,Cuốc Làm Vườn
Asparagus Fern,Bụi Măng Tây
Carrot Plant,Cây Cà Rốt
Corn Stalk,Cây Ngô
Dragon Fruit Vine,Dây Thanh Long
Durian Vine,Cây Sầu Riêng
Eggplant Stalk,Nhánh Cà Tím
Garlic Plant,Cây Tỏi
Onion Plant,Cây Hành
Pepper Plant,Cây Ớt
Pomegranate Branch,Nhánh Thạch Lựu
Potato Plant,Cây Khoai Tây
Pumpkin Plant,Cây Bí Ngô
Planted Seed,Hạt đã trồng
Rotting Plant,Cây thối rữa
Planted {seed},{seed} đã trồng
Toma Root Plant,Cây Cà Chua
Plant,Thực vật
Watermelon Plant,Cây Dưa Hấu
Garden Digamajig,Máy Xới Đất
Garden Detritus,Ụ Sỏi Vườn
Improved Farm,Vườn cải tiến
Luxury Fan,Quạt cao cấp
Feather Hat,Mũ lông chim
Feather Pencil,Bút lông vũ
Saffron Feather,Lông chim vàng
Jet Feather,Lông chim Đen
Crimson Feather,Lông chim Đỏ
Azure Feather,Lông chim Tuyết
Wood Fence,Hàng Rào
T.I.N.G.L.E. Node,Nút T.I.N.G.L.E.
T.I.N.G.L.E,T.I.N.G.L.E
Wood Gate,Cửa Gỗ
Junky Fence,Hàng Rào Rác
Fencing Sword,Liễu Kiếm
Bucket-o-poop,Xô Phân
Festive Fish Dish,Cá Lễ Hội
Festive Costume Pattern,Bản Vẽ Bộ Lễ Hội
Fig,Quả Vả
Figatoni,Mì Ống Trộn Quả Vả
Figkabab,Thịt Xiên Nướng Quả Vả
Cooked Fig,Quả Vả Rang
Fire,Lửa
Infernal Staff,Trượng Hỏa Ngục
Red Firecrackers,Pháo Hoa Đỏ
Fireflies,Đom đóm
Fire Hound,Chó săn lửa
Fire Nettle Fronds,Lá Tầm Ma Lửa
Dried Fire Nettle Frond,Lá Tầm Ma Lửa khô
Fiery Pen,Bút Lửa
Fire Pit,Lò Lửa
Fire Staff,Trượng Lửa
Ice Flingomatic,Máy Ném Tuyết
Fish,Câu Cá
Fishing Net,Lưới đánh cá
Freshwater Fishing Rod,Cần Câu Cá Nước Ngọt
Raw Fish,Cá Sống
Fish Steak,Cá Hầm
Fishy Jerky,Khô Cá
Fish Morsel,Thịt Cá Nhỏ
Cooked Fish Morsel,Thịt Cá Nhỏ Nướng
Small Fishy Jerky,Cá khô nhỏ
Fishsticks,Chả cá
Fish Tacos,Bánh kẹp cá
Tin Fishin' Bin,Thùng Thiếc Đi Câu
Cooked Fish,Cá rán
Flint,Đá lửa
Sky Lantern,Thiên đăng
Personal Floater,Phao cá nhân
Flower,Hoa
Garland,Vòng hoa
Flower Salad,Salad hoa
Light Flower,Hoa Đèn
Withered Light Flower,Hoa Đèn Héo
Evil Flower,Hoa quỷ
Withered Flower,Hoa khô héo
Foliage,Lá Dương Xỉ
Dried Foliage,Lá Dương Xỉ khô
Football Helmet,Nón Bầu Dục
Forget-Me-Lots,Hoa Lưu Ly
Dried Forget-Me-Lots,Hoa Lưu Ly Khô
Formal Costume Pattern,Bản Vẽ Bộ Lễ Phục
Fossil Cage,Lồng hóa thạch
Fossil Spike,Hóa thạch tăng đột biến
Fossil Fragments,Mảnh hóa thạch
Odd Skeleton,Bộ xương kỳ lạ
Fresh Fruit Crepes,Bánh Kếp Trái Cây Tươi
Friendly Fruit Fly,Ruồi Ăn Trái Thân Thiện
Frog,Ếch
Fish Cordon Bleu,Cá Cuộn Ham
Froggle Bunwich,Bánh mì thịt ếch
Frog Legs,Đùi ếch
Cooked Frog Legs,Đùi ếch rán
Figgy Frogwich,Bánh Ếch Quả Vả
Frozen Banana Daiquiri,Daiquiri Chuối Đông Lạnh
Saladmander,Kỳ Nhông
Fruit Fly,Ruồi Ăn Trái
Friendly Fruit Fly Fruit,Quả Ruồi Ăn Trái
Fruit Medley,Hoa quả dầm
Ardent Axe,Rìu Rực Cháy
Hotheaded Hammer,Búa Nóng Đầu
Pyretic Pickaxe,Cuốc Phát Hỏa
Searing Shovel,Xẻng Thiêu Đốt
Heated Garden Hoe,Cuốc Gạt Nung Nhiệt
Fur Tuft,Nhúm Lông
Fused Shadeling,Vong Linh Hợp Nhất
Dread Mite,Nỗi Kinh Hoàng Nhỏ
Suspicious Moonrock,Đá mặt trăng đáng ngờ
Garlic,Tỏi
Roasted Garlic,Tỏi Nướng
Giant Garlic,Tỏi Khổng Lồ
Giant Rotting Garlic,Tỏi Khổng Lồ Thối Rữa
Seed Pods,Hạt Tỏi
Asparagazpacho,Nước Ép Măng Tây
Gears,Bánh răng
Icker,Dịch Nhầy
Icker Jar,Lọ Dịch Nhầy
Icker Preserve,Lọ Bảo Quản Dịch Nhầy
Icker Preserve Kit,Bộ Dụng Cụ Bảo Quản Dịch Nhầy
Gem Stand,Gác ngọc
Gestalt,Sinh Vật Vô Định
Phasmo-Encapsulator,Thiết Bị Đóng Gói Linh Thể
Greater Gestalt,Đại Vô Định
Inimical Gestalt,Vô Định Thù Địch
Ghost,Ma
Mourning Glory,Hoa Tang
Wraith's Wreath,Vòng Hoa Vong Linh
Nightshade Nostrum,Thần Dược Trưng Cất
Spectral Cure-All,Thần Dược Toàn Trị
Luminous Wrath,Cơn Thịnh Nộ Rực Rỡ
Distilled Vengeance,Thần Dược Thịnh Nộ
Ghastly Experience,Trải Nghiệm Ma Ám
Cursed Vexation,Tai Ương Ma Ám
Unyielding Draught,Thần Dược Bất Khuất
Revenant Restorative,Thần Dược Hoàn Hồn
Vigor Mortis,Thần Dược Nghị Lực
Gift,Gói Quà
Gift Wrap,Giấy Gói Quà
Gingerbread Pig House,Nhà Lợn Bánh Gừng
Gingerbread Pig,Lợn Bánh Gừng
Gingerbread Varg,Chó Sói Bánh Gừng
Glass Castle,Lâu đài thủy tinh
Glass Cutter,Cưa Bóng Bẩy
Glass Cutter Blueprint,Bản Thảo Cưa Bóng Bẩy
Glass Spike,Mũi nhọn thủy tinh
Glommer,Glommer
Glommer's Flower,Hoa Glommer
Glommer's Goop,Chất nhày Glommer
Glommer's Wings,Cánh Glommer
Glow Berry Mousse,Bánh Kem Phát Quang
Gnarwail,Cá Voi Một Sừng
Gnarwail Horn,Sừng Cá Voi
Electric Milk,Sữa dê diện
Fashion Goggles,Kính Bảo Hộ Thời Trang
Luxury Axe,Rìu Xa Xỉ
Opulent Pickaxe,Cuốc Chim Sang Trọng
Snazzy Pitchfork,Chĩa xịn
Regal Shovel,Xẻng Vương Giả
Splendid Garden Hoe,Cuốc Làm Vườn Xịn
Gold Nugget,Cục vàng
Down Feather,Lông ngỗng
Grass Gator,Cá Sấu Cỏ
Grass Gekko,Tắc Kè Cỏ
Pretty Parasol,Lọng Kiều Diễm
Bigspook,Bigspook
Spirit Vessel,Bình Linh Hồn
Good Gravy,Nước Chấm Ngon
Construction Amulet,Bùa Kết Cấu
Green Gem,Ngọc Lục
Green Moonlens,Thấu Kính Mặt Trăng Lục
Deconstruction Staff,Gậy Giải Cấu Trúc
Green Cap,Nấm Lục
Cooked Green Cap,Mũ Lục chín
Green Mushroom,Nấm Lục
Green Funcap,Mũ Nấm Ngộ Nghĩnh Lục
Vitreoasis,Thác Pha Lê
Small Vitreoasis,Thác Pha Lê Nhỏ
Guacamole,Sầu riêng trộn
Guano,Phân dơi
Gunpowder,Thuốc súng
Maximum Health,Sức khỏe tối đa
Maximum Sanity,Tối đa tinh thần
Candy Apple,Kẹo Táo
Tentacle Lolli,Kẹo Mút Xúc Tua
Choco Pigs,Sô-cô-la Heo
Candy Lice,Kẹo Chấy
Otherworldly Jawbreaker,Kẹo Cứng Kỳ Bí
Lava Pepper,Ớt Dung Nham
Candy Corn,Kẹo ngô
Not-So-Candy Corn,Kẹo Bắp Ngô
Gummy Spider,Nhện Dẻo
Catcoon Candy,Kẹo Mèo Trúc
Raisins,Nho Khô
Ghost Pop,Kẹo Mút Ma
Jelly Worm,Sâu Nấu Đông
Brew of Phobic Abrogation,Thuốc Pha Chế Xóa Ám Ảnh
Brew of Phobic Abatement,Thuốc Pha Chế Giảm Ám Ảnh
Sulfuric Crystals of Lime,Tinh Thể Lưu Huỳnh Vôi
Canteen of Sanguine Mixture,Bi Đông Hỗn Hợp Đẫm Máu
Flask of Sanguine Mixture,Bình Hỗn Hợp Đẫm Máu
Steeped Lunar Essence,Tinh Chất Mặt Trăng
Tumblerful of Psychic Fortitude,Ly Đầy Nghị Lực Tinh Thần
Dram of Psychic Fortitude,Ngụm Nghị Lực Tinh Thần
Sulfuric Crystals of Saltpeter,Tinh Thể Lưu Huỳnh Diêm Tiêu
Phobic Experiment,Thí Nghiệm Ám Ảnh
Sanguine Experiment,Thí Nghiệm Đẫm Máu
Lunar Experiment,Thí Nghiệm Mặt Trăng
Arboretum Experiment,Thí Nghiệm Ươm Trồng
Psychosis Experiment,Thí Nghiệm Tinh Thần
Sulfuric Experiment,Thí Nghiệm Lưu Huỳnh
Ghost Decoration,Hồn Ma Trang Trí
Bat Decoration,Dơi Trang Trí
Spider Decoration,Nhện Trang Trí
Tentacle Decoration,Xúc Tua Trang Trí
Dangling Depth Dweller Decoration,Nhện Đu Tơ Trang Trí
Crow Decoration,Quạ Trang Trí
Ham Bat,Chày Thịt
Hammer,Búa
Forging Hammer,Búa Rèn
Beefalo Wool Pillow,Gối Len Bò Lai
Kelp-Stuffed Pillow,Gối Nhồi Tảo
Flowery Pillow,Gối Hoa
Steel Wool Pillow,Gối Len Thép
Hare Ball,Trái Bóng Thỏ
Floral Shirt,Sơ Mi Hoa
Healing Salve,Thuốc hồi phục
Slimy Salve,Thuốc Nhầy Nhụa
Thermal Balm,Cao nhiệt
Living Staff,Gậy Sự Sống
Thermal Stone,Đá nhiệt
Briar Wolf,Sói Bụi Gai
Briar,Bụi Gai
Crabby Hermit,Cua Ẩn Sĩ
Fire Nettle Tea,Trà tầm ma lửa
Foliage Tea,Trà Lá Dương Xỉ
Forget-Me-Lots Tea,Trà Hoa Lưu Ly
Lune Tree Blossom Tea,Trà Hoa Nguyệt Phong
Petal Tea,Trà Cánh Hoa
Dark Petal Tea,Trà cánh hoa đen
Succulent Tea,Trà Lá Mọng Nước
Tillweed Tea,Trà Cỏ Thìa Lìa
Pearl's Light Post,Trụ đèn của Ngọc Trai
Seaside Spoils,Chiến lợi phẩm ven biển
Pearl's Light Post Kit,Bộ đèn đăng của Ngọc Trai
Pearl,Ngọc trai
Hermit Rehomer,Bộ Tái Định Cư Ẩn Sĩ
Portage Conch,Ốc Vận Chuyển
Pearl's Tea Shop,Quán Trà Ngọc Trai
Abandoned Tea Shop,Quán trà bỏ hoang
Pearl's Hot Spring,Hồ Nước Nóng Của Ngọc Trai
Dry Hot Spring,Hồ nước nóng khô
Hot Spring,Hồ nước nóng
Hermit Home,Nhà Ẩn Sĩ
Bloomers,Đồ lót
Stockings,Vớ
Wind Charm,Chuông gió
Pearl's Place,Điện Ngọc Trai
Bundle of Thanks,Gói Quà Tạ Ơn
Shell Bell Bundle,Gói Chuông Vỏ Ốc
Driftwood Rocker,Bập bênh Gỗ Mục
Cracked Pearl,Ngọc Trai Vỡ
Pearl's Pearl,Ngọc Trai
Bee Queen Crown,Mũ ong chúa
Sign,Bảng Hiệu
Honey,Mật ong
Honeycomb,Mạng tổ ong
Honey Ham,Đùi lợn ướp mật
Honey Nuggets,Thịt viên mật ong
Beefalo Horn,Sừng Bò Lai
Pure Horror,Kinh Dị Thuần Túy
Lucky Horseshoe,Móng ngựa may mắn
Overheating,Nóng
Spicy Chili,Tương Cay
Hot Spring,Hồ Nước Nóng
Hound,Chó
Bones,Xương
Hound Mound,Hang chó
Hound's Tooth,Răng chó
Howlitzer,Ống Pháo Thổi
Lucky Whistle,Còi May Mắn
Long Pig,Thịt người
Cooked Long Pig,Thịt người chín
Long Pig Jerky,Thịt người khô
Starvation,Đói
Hutch,Hutch
Star-sky,Sao Trời
Ice,Băng đá
Ice Box,Tủ lạnh
Ice Cream,Kem
Ice Cube,Khối Băng
Ice Hound,Chó săn băng
Insulated Pack,Balô lạnh
Ice Staff,Trượng băng
Flash Freeze Staff,Trượng Băng Tức Thì
Deep Freeze Staff,Trượng Đóng Băng Sâu
Frostbitten Costume Pattern,Bản Vẽ Bộ Cóng Lạnh
Obelisk,Tháp Đá
Cachebox,Hộp Tiếp Tế
Advanced Cachebox,Hộp Tiếp Tế Nâng Cao
Inspectacles,Kính Kiểm Tra
Syrup of Ipecaca,Xi Rô Nhuận Tràng
Mimicreep,Kẻ bắt chước
Binding Roots,Rễ Ràng Buộc
Fist Full of Jam,Mứt hoa quả
Jellybeans,Kẹo dẻo
Junk Pile,Đống Phế
Teetering Junk Pile,Đống Phế Liệu Lung Lay
Plain Omelette,Trứng ốp lết
Kabobs,Thịt xiên
Kelp Fronds,Tảo Bẹ
Seawreath,Vòng Hoa Tảo
Cooked Kelp Fronds,Tảo Bẹ chín
Dried Kelp Fronds,Tảo Bẹ Khô
Killer Bee,Ong sát thủ
Gobbler Wobbler,Gà Tây Lắc Lư
Gobbler Wobbler Kit,Bộ Gà Tây Lắc Lư
Kit Teaser,Cần Câu Ghẹo Mèo
Kit Teaser Kit,Bộ Cần Câu Ghẹo Mèo
Kitcoon Nursery,Nhà Trông Mèo
Kitcoon Nursery Kit,Bộ Nhà Trông Mèo
Kitcoon,Mèo Trúc Con
Kit Collar,Vòng Cổ Mèo
Klaus,Klaus
Stag Antler,Gạc Hươu
Loot Stash,Túi Chiến Lợi Phẩm
Clockwork Knight,Quân Mã
Damaged Knight,Quân Mã hỏng
Gilded Knight,Đồng Hồ Mã Mạ Vàng
Asparagus Seeds,Hạt Măng Tây
Carrot Seeds,Hạt cà rốt
Corn Seeds,Hạt ngô
Dragon Fruit Seeds,Hạt thanh long
Durian Seeds,Hạt sầu riêng
Eggplant Seeds,Hạt cà tím
Garlic Seeds,Hạt Tỏi
Onion Seeds,Hạt Hành Tây
Pepper Seeds,Hạt Ớt
Pomegranate Seeds,Hạt lựu
Potato Seeds,Hạt Khoai Tây
Pumpkin Seeds,Hạt bí ngô
Toma Root Seeds,Hạt Cà Chua
Turnip Seeds,Hạt Củ Cải Tím
Watermelon Seeds,Hạt dưu hấu
Koalefant Carcass,Xác Voi Túi
Koalefant,Voi
Fig-Stuffed Trunk,Vòi Voi Nhồi Quả Vả
Krampus,Krampus
Krampus Sack,Balô Krampus
Lantern,Đèn lồng
Latkes,Bánh Kếp
Steadfast Stone Armor,Áo Giáp Đá Vững Chãi
Stone Splint Mail,Áo Giáp Nẹp Đá
Reed Tunic,Áo Cỏ
Feathered Reed Tunic,Áo Cỏ Đính Lông Vũ
Wood Armor,Giáp Gỗ
Jagged Wood Armor,Giáp Gỗ Lởm Chởm
Silken Wood Armor,Áo Giáp Gỗ Tơ Lụa
Jagged Grand Armor,Siêu Giáp Lởm Chởm
Steadfast Grand Armor,Siêu Giáp Vững Chãi
Whispering Grand Armor,Siêu Giáp Thầm Thì
Silken Grand Armor,Siêu Giáp Tơ Tằm
Battle Standard,Cờ Hiệu Chiến Đấu
Battlemaster Pugna,Chỉ Huy Pugna
Resplendent Nox Helm,Mũ Nox Rực Rỡ
Magma Golem,Người Đá Dung Nham
Clairvoyant Crown,Vương Miện Thấu Thị
Feathered Wreath,Vòng Lông Vũ
Hearthsfire Crystals,Tinh Thể Nung Nóng
Flower Headband,Băng Đô Hoa
Blossomed Wreath,Vòng Hoa Nở Rộ
Blacksmith's Edge,Lưỡi Đao Thợ Rèn
Ancient Anchor,Mỏ Neo Cổ Đại
Barbed Helm,Mũ Thép Gai
Riled Lucy,Lucy Trêu Chọc
Meteor,Thiên thạch
Ancient Gateway,Cổng cổ xưa
Crystal Tiara,Vương Miện Pha Lê
Forge Portal,Cổng Lò Rèn
Nox Helm,Mũ Nox
Woven Garland,Vòng Hoa Đan Kết
Lavae,Trùng Nham
Chilled Lavae,Trùng nham
Lavae Egg,Trứng Trùng Nham
Extra-Adorable Lavae,Trùng Nham Cực Đáng Yêu
Lavae Tooth,Răng Trùng Nham
Dragonfly Saliva,Nước dãi Chuồn Chuồn
Magma,Dung Nham
Rock,Đá tảng
Leafy Meatloaf,Bánh Mì Thịt Lá
Veggie Burger,Bánh Mì Kẹp Rau
Jelly Salad,Thạch Rau Câu
Treeguard,Thần Rừng
Treeguard Idol,Hình Nộm Thần Rừng
Cave Lichen,Địa Y hang động
Booster Shot,Đạn Tăng Lực
Light Bulb,Trái Đèn
Crustashine,Cua Phát Sáng
Willow's Lighter,Bật lửa của Willow
Bulbous Lightbug,Bọ Trái Đèn
Lightning,Sét
Volt Goat,Vôn Dương
Volt Goat Horn,Sừng Vôn Dương
Lightning Rod,Cột thu lôi
Wee MacTusk,Hải Mã Con
Living Log,Gỗ sống
Totally Normal Tree,Cây Toàn Thường
Totally Normal Root,Rễ Cây Toàn Thường
Totally Normal Sapling,Cây Toàn Thường Con
Lobster Bisque,Súp Tôm Hùm
Lobster Dinner,Tiệc Tôm Hùm
Log,Gỗ
Lord of the Fruit Flies,Ruồi Ăn Trái Chúa
Lost Marbles,Bi Thất Lạc
Missing Teeth,Răng Giả Thất Lạc
Cherished Toy Robot,Robot Đồ Chơi Trân Quý
Mother's Favorite Teacup,Tách Trà Yêu Thích của Mẹ
Treasured Toy Trojan Horse,Ngựa Đồ Chơi Trojan Trân Quý
Favorite Spinning Top,Con Quay Nghiêng Yêu Thích
Sentimental Kazoo,Kèn Kazoo Đa Cảm
Misplaced Toy Cobra,Rắn Hổ Đồ Chơi Sai Chỗ
Beloved Crocodile Toy,Đồ Chơi Cá Sấu Yêu Quý
Prized Ball and Cup,Bóng và Cúp Thưởng
Lucky Gold Nugget,Thỏi Vàng May Mắn
Lucy the Axe,Chiếc rìu Lucy
Lumpy Sapling,Cây Thường Xanh Sần
Bright-Eyed Frog,Ếch Mắt Sáng
Brightshade Helm,Nón Ánh Sáng
Brightshade Husk,Vỏ Gai Sáng Bóng
Brightshade Repair Kit,Bộ Sửa Đồ Quang Luyện
Ryftstal,Kết Tinh Vết Nứt
Rift,Vết Nứt
Lunaform Burst,Sự Nổ Phát Mặt Trăng
Deadly Brightshade,Hoa Sáng Chết Chóc
Incursive Gestalt,Bóng Sáng Vô Định
Tunneling Vine,Dây Gai Ngầm
Brightsmithy,Lò Quang Luyện
Brightsmithy Kit,Bộ Lò Quang Luyện
Grazer,Sinh Vật Vụn Vỡ
Celestial Jewel,Ngọc Thiên Thể
Lureplant,Củ Thịt
Fleshy Bulb,Củ Tươi
Lutefisk,Cá Chám
Mad Scientist Lab,Máy khoa học điên
Magician's Chest,Rương Ảo Thuật Gia
Blank Blueprint,Bản thiết kế trắng
Malbatross,Malbatross
Malbatross Bill,Mỏ Malbatross
Malbatross Feather,Lông Malbatross
Feathery Canvas,Vải Lông
Mandrake,Nhân Sâm
Mandrake Soup,Súp Nhân Sâm
Bunny Puff,Đuôi thỏ
Map Scroll,Cuộn bản đồ
Map of Totally Uninhabited Island,Bản đồ đảo hoàn toàn không có người ở
Marble,Đá cẩm thạch
Marble Bean,Hạt cẩm thạch
Marble Sprout,Mầm Cẩm Thạch
Marble Pillar,Cột cẩm thạch
Marble Shrub,Cây Cẩm Thạch
Marble Tree,Cây cẩm thạch
Spiky Tree,Cây gai
Creamy Potato Purée,Bánh Kem Khoai Tây
Visionist's Mask,Mặt nạ của người nhìn xa trông rộng
Elytra's Mask,Mặt nạ của Elytra
Artificer's Mask,Mặt nạ nghệ nhân
Blacksmith Mask,Mặt Nạ Thợ Rèn
Cracked Doll Mask,Mặt Nạ Búp Bê Nứt Vỡ
Doll Mask,Mặt Nạ Búp Bê
Shattered Doll Mask,Mặt Nạ Búp Bê Tan Vỡ
Fool Mask,Mặt Nạ Thằng Hề
Halfwit's Masque,Mặt nạ Kẻ ngốc
King Mask,Mặt Nạ Nhà Vua
Mirror Mask,Mặt Nạ Tấm Gương
Princess Mask,Mặt nạ công chúa
Queen Mask,Mặt Nạ Nữ Hoàng
Sage's Masque,Mặt nạ Nhà hiền triết
Toady's Masque,Mặt nạ Toady
Tree Mask,Mặt Nạ Cây
Mast,Buồm
Deck Illuminator,Đèn Soi Sàn Tàu
Dragonfly Light Kit,Bộ đèn Chuồn Chuồn
Dragonfly Light,Đèn Chuồn Chuồn
Lightning Conductor,Dây Dẫn Sét
Mast Kit,Cột Buồm
Winged Sail,Buồm Cánh
Winged Sail Kit,Bộ Buồm Cánh
Dragonfly Wing Mast,Cột cánh Chuồn Chuồn
Dragonfly Wing Mast Kit,Bộ cột cánh Chuồn Chuồn
Maxwell,Maxwell
Maxwell's Head,Đầu Maxwell
Shadow Key,Chìa bóng đêm
Maxwell's Light,Ánh sáng Maxwell
Nightmare Lock,Khóa ác mộng
Maxwell's Phonograph,Máy điện đàm Maxwell
Nightmare Throne,Ngai vàng bóng đêm
Meat,Thịt
Meatballs,Thịt viên
Drying Rack,Giá phơi
Seaside Debris,Mảnh vụn ven biển
Large Drying Rack,Giá phơi lớn
Beefy Greens,Bít Tết Rau Tươi
Jerky,Thịt Khô
Hostile Flare,Pháo Gây Hấn
Merm,Người Cá
Swamp Brawler Helmet,Mũ bảo hiểm Đấu sĩ Đầm lầy
Swamp Warrior Helmet,Mũ bảo hiểm Chiến binh Đầm lầy
Loyal Merm Guard,Vệ Binh Người Cá
Mutated Merm Guard,Vệ binh người cá đột biến
Shadow Merm Guard,Vệ binh người cá bóng đêm
Clever Disguise,Mặt Cá Ngụy Trang
Merm Head,Thủ người cá
Leaky Shack,Nhà Xiêu Vẹo
Craftsmerm House,Nhà Cá
King of the Merms,Vua Người Cá
Royal Tapestry,Thảm Hoàng Gia
DIY Royalty Kit,Công Trình Thảm
Merm Flort-ifications,Pháo Đài Cá
Armermry,Nhà Trang Bị
Superior Armermry,Nhà Trang Bị Cao Cấp
Mutated Merm,Nhân ngư đột biến
Royal-In-Progress,Hoàng gia đang tiến triển
Shadow Merm,Nhân ngư bóng đêm
Shoddy Tool,Công cụ kém chất lượng
Shoddy Tool Shed,Xưởng dụng cụ Nhân ngư
Slightly Less Shoddy Tool Shed,Xưởng dụng cụ Nhân ngư xịn
Slightly Less Shoddy Tool,Dụng cụ nhẹ và xịn
Message in a Bottle,Lời Nhắn Trong Chai
Empty Bottle,Chai Rỗng
Miasma,Chướng khí
Mighty Gym,Máy Tập Thể Hình
Friend-O-Matic Portal,Cổng thông tin bạn bè
Milky Whites,Củng Mạc Sữa
Miner Hat,Mũ thợ mỏ
Floating Lantern,Đèn Lồng Nổi
Whirly Fan,Quạt Xoay
Flare,Pháo Sáng
Mini Sign,Bảng Mini
Ancient Guardian,Quản Thần Cổ Đại
Large Ornate Chest,Rương Văn Hoa lớn
Guardian's Horn,Sừng Quản Thần Cổ Đại
Heat Gland,Hạch Nhiệt
Cooked Heat Gland,Hạch nhiệt nướng
Moleworm,Chũi Trùng
Naked Mole Bat,Chuột Trụi
Naked Mole Bat Burrow,Hang Chuột Trụi
Moggles,Kính Chuột Chũi
Burrow,Hang Chuột
Raised Dirt,Đất nổi
Splumonkey,Khỉ Hang
Splumonkey Pod,Kén Khỉ Hang
Monkey Hut,Chòi Khỉ
Unnatural Portal,Điểm Dị Thường
Broken Machinery,Phần Máy Hỏng
Monkey Bar,Xà Khỉ
Queen of Moon Quay,Khỉ Chúa
Captain's Tricorn,Nón Hải Tặc
Pirate's Bandana,Khăn Ống Hải Tặc
Monster Lasagna,Mì thịt quái vật
Monster Meat,Thịt quái vật
Monster Jerky,Thịt quái vật khô
Monster Tartare,Thịt Quái Xốt Tacte
Moon Stone,Bệ Đá Mặt Trăng
Moon Moth,Bướm Đêm
Moon Moth Wings,Cánh Bướm Đêm
Lune Tree Sapling,Cành con đảo mặt trăng
Moon Dial,La Bàn Mặt Trăng
Moon Shard,Đá Vụn Trăng
Moon Glass Axe,Rìu bóng bẩy
Moon Axe Blueprint,Bản thảo Rìu Mặt Trăng
Infused Moon Shard,Mảnh Trăng Truyền
Moon Glass,Pha Lê Trăng
Moon Glass Mound,Gò Tôm Hùm
Cratered Moonrock,Ngọc Đá Mặt Trăng
Moon Rock Idol,Chìa khoá Mặt Trăng
Moon Rock,Đá Mặt Trăng
Celestial Orb,Cầu Thiên Thể
Moon Rubble,Đá Cuội Mặt Trăng
Shattered Spider Hole,Hang Nhện Hỏng
Shattered Spider,Nhện Biến Dị
Charged Glassy Rock,Pha Lê Trăng Tích Tụ
Glassy Rock,Pha Lê Trăng
Astroggles,Kính Xuyên Thấu
Astroggles Blueprint,Bản thiết kế Kính Xuyên Thấu
Moongleam,Bào Tử Bão Mặt Trăng
Energetic Static,Năng Lượng Tĩnh Điện
Static Restrainer,Bộ Giữ Tĩnh Điện
Restrained Static,Bình Nén Tĩnh Điện
Unrestrained Static,Tĩnh Điện Không Kiểm Soát
Celestial Altar,Đài Thiên Tinh
Celestial Sanctum,Chính Điện Thiên Thể
Partially Assembled Sanctum,Thánh đường được lắp ráp một phần
Celestial Tribute,Cống Vật Thiên Thể
Inactive Celestial Tribute,Cống Vật Thiên Thể Không Hoạt Động
Celestial Altar Base,Đế Thiên Tinh
Celestial Sanctum Icon,Mảnh Chính Điện
Celestial Altar Idol,Tượng Thần Thiên Tinh
Mysterious Energy,Năng Lượng Bí Ẩn
Inviting Formation,Tạo Hình Bí Ẩn
Celestial Altar Orb,Cầu Thiên Tinh
Celestial Sanctum Ward,Mảnh Chính Điện
Partially Assembled Altar,Bàn thờ lắp ráp một phần
Moon Shroom,Nấm Lam Nguyệt
Cooked Moon Shroom,Nấm Lam Nguyệt Nướng
Lunar Siphonator,Máy Bơm Nguyệt Lượng
Incomplete Experiment,Thử nghiệm chưa hoàn chỉnh
Incomplete Experiment Blueprint,Bản thiết kế thử nghiệm chưa hoàn chỉnh
Nearly Completed Experiment,Thí nghiệm gần hoàn thành
Celestial Fissure,Vết Nứt Thiên Thể
Plugged Fissure,Vết Nứt Bị Lấp
Lunar Funcap,Mũ Nấm Lam Nguyệt
Lune Tree,Cây Nguyệt Phong
Lune Tree Blossom,Hoa Nguyệt Phong
Dried Lune Tree Blossom,Hoa Nguyệt Phong Khô
Moose,Hươu Sừng Tấm
Goose,Ngỗng
Moose Egg,Trứng Hươu Sừng Tấm
Goose Egg,Trứng Ngỗng
Moose Nest,Tổ Hươu Sừng Tấm
Goose Nest,Tổ Ngỗng
Moqueca,Canh Cá Hầm
Mosquito,Muỗi
Skeeter Bomb,Bom Muỗi
Fertilizzzer,Phân Bón
Blood Shot,Đạn Máu
Lil' Itchy,Lil' Itchy
Mosquito Sack,Bao tử muỗi
Mosling,Ngỗng con
Grave,Mộ
Mulled Punch,Đồ Uống Nghiền
Florid Postern,Cổng Hoa
Celestial Portal,Cổng Thiên Thể
Portal Paraphernalia,Linh Kiện Thiên Thể
Pick/Axe,Cuốc/Rìu
Mush Gnome,Nấm Lùn
Boomshroom,Bom nấm
Misery Boomshroom,Bom cóc nấm
Funcap,Mũ Nấm Ngộ Nghĩnh
Sporecap,Bào tử
Misery Sporecap,Mầm bào tử đau đớn
Mushroom Planter,Ruộng trồng nấm
Mushlight,Đèn nấm
Glowcap,Đèn Nấm Phát Quang
Red Mushtree,Cây nấm Đỏ
Lunar Mushtree,Nấm Cây Lam Nguyệt
Green Mushtree,Cây nấm Lục
Blue Mushtree,Cây nấm Lam
Webbed Blue Mushtree,Nấm Cây Vướng Mạng
Armored Bearger,Gấu Lửng Bọc Giáp
Bright-Beaked Bird,Chim mỏ sáng
Crystal-Crested Buzzard,Diều hâu pha lê
Crystal Deerclops,Deerclops Pha Lê
Horror Hound,Chó Săn Kinh Dị
Possessed Varg,Chó Sói Bị Ám
Permafrost Pengull,Cánh cụt băng giá vĩnh cửu
Dangler Switcherdoodle,Hình Nhện Đu Tơ
Nurse Switcherdoodle,Hình Nhện Cứu Thương
Cave Switcherdoodle,Hình Nhện Hang
Shatter Switcherdoodle,Hình Nhện Biến Dị
Spitter Switcherdoodle,Hình Nhện Phun Bọt
Warrior Switcherdoodle,Hình Nhện Chiến Binh
Strider Switcherdoodle,Hình Nhện Gọng Vó Biển
Flowery Costume Pattern,Bản Vẽ Bộ Hoa Cỏ
Nightcap,Mũ Ngủ
Night Light,Đèn Chong Đêm
Nightmarebeak,Ác Mộng
Nightmare Fuel,Nhiên liệu Ác Mộng
Nightmare Rampart,Lũy Ác Mộng
Nightmare Light,Đèn Ác Mộng
Grim Galette,Bánh Dẹt Hung Tợn
Thulecite Medallion,Huy chương Thulecite
Morning Star,Gậy Sao Mai
Dark Sword,Gươm bóng đêm
Nitre,Ni tơ
Nitre Formation,Ni Tơ Kết Tinh
Grit Duster,Máy Thổi Bụi
Grit Grinder,Máy Nghiền Muối
Premier Gardeneer Hat,Mũ Thực Vật Học
Oar,Mái Chèo
Driftwood Oar,Chèo Gỗ Mục
Battle Paddle,Chèo Chiến
Lake,Hồ
Ocean Debris,Bùn Biển
Wooden Ball Bobber,Phao Cầu Gỗ
Saffron Quill Float,Phao Lông Vàng
Jet Quill Float,Phao Lông Quạ
Down Quill Float,Phao Lông Măng
Malbatross Quill Float,Phao Malbatross
Fish Hook,Lưỡi câu
Hardened Slip Bobber,Phao Vỏ Cứng
Crimson Quill Float,Phao Lông Đỏ
Azure Quill Float,Phao Lông Xanh
Stupefying Lure,Mồi Mê Dại
Heavy Weighted Lure,Mồi Hạng Nặng
Rainy Day Lure,Mồi Ngày Mưa
Snow Day Lure,Mồi Ngày Tuyết
Nightflyer Spinnerbait,Thìa Xoay Lam
Dusky Spinnerbait,Thìa Xoay Lục
not used,không được sử dụng
Sunrise Spinnerbait,Thìa Xoay Đỏ
Nightflyer Spoon,Thìa Trượt Lam
Dusky Spoon,Thìa Trượt Lục
Sunrise Spoon,Thìa Trượt Đỏ
Sea Fishing Rod,Cần câu biển
Mudfish,Cá Bùn
Deep Bass,Cá Vược
Dandy Lionfish,Cá Sư Tử
Black Catfish,Cá Trê Đen
Corn Cod,Cá Thu
Dappled Koi,Cá Chép Koi
Golden Koi,Cá Chép Koi Vàng
Ice Bream,Cá Vền Băng
Sweetish Fish,Cá Ngòn Ngọt
Runty Guppy,Cá Bảy Màu
Needlenosed Squirt,Cá Mũi Kim
Bitty Baitfish,Cá Basa
Smolt Fry,Cá Hồi Con
Popperfish,Cá Bỏng
Fallounder,Cá Lưỡi Ngựa
Bloomfin Tuna,Cá Ngừ Nở Vây
Scorching Sunfish,Cá Mặt Trời
Spittlefish,Cá Nước Bọt
Terrorclaw,Càng Kinh Hãi
Knobbly Tree,Cây sần sùi
Knobbly Tree Nut,Hạt Cây Sần Sùi
Above-Average Tree Trunk,Thân Cây Cao Niên
Mossy Vine,Dây Rêu Leo
Sea Strider Nest,Tổ Nhện Gọng Vó Biển
Giant Whirlpool,Xoáy Nước Khổng Lồ
Ocean Detritus,Rác Thải Đại Dương
Whirlportal,Xoáy Nước
Ocean Trawler,Lưới Bẫy Cá
Ocean Trawler Kit,Bộ Lưới Bẫy Cá
Communal Kelp Dish,Đĩa Tảo Biển Cộng Đồng
Superior Communal Kelp Dish,Đĩa Tảo Biển Cộng Đồng Cao Cấp
the passage of time,Sự trôi chảy của thời gian
One-man Band,Người Hát Rong
Onion,Hành
Roasted Onion,Hành Tây Nướng
Giant Onion,Hành Tây Khổng Lồ
Giant Rotting Onion,Hành Tây Khổng Lồ Thối Rữa
Pointy Seeds,Hạt Hành Tây
Iridescent Gem,Đá Quý Ánh Kim
Moon Caller's Staff,Gậy Gọi Trăng
The Lazy Forager,Bùa Lười Biếng
Orange Gem,Ngọc Cam
Orange Moonlens,Thấu Kính Mặt Trăng Cam
The Lazy Explorer,Gậy Biếng
Marotter,Rái Cắp
Marotter Den,Hang Rái Cắp
Demolished Marotter Den,Hang Rái Cắp Bị Phá Hủy
Palmcone Tree,Cây Cọ Chóp
Palmcone Sapling,Cây Cọ Chóp Con
Palmcone Scale,Vỏ Cọ Chóp
Palmcone Sprout,Mầm Cọ Chóp
Panettone,Bánh Mỳ Ý
Pan Flute,Sáo
Papyrus,Giấy
Pavlova,Bánh Kem Xốp
Scorpeon,Bọ Cạp Binh
Scorpeon Acid,Axit bọ cạp
Pengull,Chim cánh cụt
Pepper,Ớt
Stuffed Pepper Poppers,Ớt Nhồi Thịt
Roasted Pepper,Ớt Xào
Giant Pepper,Ớt Chuông Khổng Lồ
Giant Rotting Pepper,Ớt Chuông Khổng Lồ Thối Rữa
Lumpy Seeds,Hạt Ớt
Gobbler,Gà tây
Lucky Fan,Quạt may mắn
Gobbler Shrine,Miếu Thờ Gà
Pierogi,Sủi Cảo
Petals,Cánh hoa
Dried Petals,Cánh hoa khô
Dark Petals,Cánh hoa quỷ
Dried Dark Petals,Cánh hoa đen khô
Phlegm,Đờm
Gramophone,Máy Hát
Pickaxe,Cuốc chim
Brightshade Smasher,Búa Quang Luyện
Pickled Herring,Cá Trích Muối
Wade,Wade
Ignatius,Ignatius
Dmitri,Dmitri
Sawyer,Sawyer
Guard Pig,Lính Lợn
Piggyback,Balô lợn
Pig Head,Đầu Lợn
Pig House,Nhà Lợn
Pig King,Vua Lợn
Pig Man,Người Lợn
Pig Shrine,Miếu Thờ Lợn
Pig Skin,Da lợn
Pig Torch,Đuốc lợn
Clout Snout,Xu Lợn
Golden Belt,Đai Lưng Vàng
Pine Cone,Quả thông
Evergreen Sapling,Cây thông con
Moon Quay Pirate Banner,Cờ Khỉ
Pitchfork,Chĩa
Leafy Meat,Thịt Lá
Cooked Leafy Meat,Thịt Lá Chín
Gardeneer Hat,Mũ Làm Vườn
Wild Crop,Cây dại
The Enchanted Doll\nA Stage Play,Con búp bê bị phù phép\nVở kịch trên sân khấu
My Knights Four and I\nA Stage Play,Ta Và Bốn Hiệp Sĩ Của Ta\nMột vở kịch sân khấu
A Task Complete\nA Confession,Nhiệm Vụ Hoàn Thành\nLời Thú Nhận
The Pall\nA Stage Play,Bóng Ma\nMột Vở Kịch
Inthralled Corpse,Xác chết bị mê hoặc
Deadelgänger,Deadelgänger
Playing Card,Chơi bài
Clockmaker's Tools,Dụng Cụ Thợ Đồng Hồ
Ageless Watch,Đồng Hồ Trường Sinh
Time Pieces,Mảnh Lắp Đồng Hồ
Rift Watch,Đồng Hồ Nứt Gãy
Time Rift,Khe nứt thời gian
Backtrek Watch,Đồng Hồ Du Hành
Second Chance Watch,Đồng Hồ Luân Hồi
Backstep Watch,Đồng Hồ Hồi Quy
Alarming Clock,Đồng Hồ Thức Tỉnh
Pocket Scale,Cân Bỏ Túi
Polish Cookies,Bánh Quy Ba Lan
Polly Roger,Chim Hải Tặc
Polly Roger's Hat,Nón Vua Hải Tặc
Pomegranate,Lựu
Sliced Pomegranate,Lựu cắt lát
Giant Pomegranate,Lựu Khổng Lồ
Giant Rotting Pomegranate,Lựu Khổng Lồ Thối Rữa
Windblown Seeds,Hạt Lựu
Pond,Ao
Live Eel,Lươn Sống
Freshwater Fish,Cá Nước Ngọt
Algae,Tảo
Manure,Phân bón
Portable Grinding Mill,Máy nghiền di động
Portable Grinding Mill,Máy Nghiền Di Động
Portable Crock Pot,Nồi Hầm Di Động
Portable Campfire,Bếp Lửa Di Động
Portable Seasoning Station,Trạm gia vị di động
Portable Seasoning Station,Trạm Gia Vị Di Động
Camper's Tent,Lều Trại
Tent Roll,Lều Cuộn
Potato,Khoai tây
Potato Sack,Bịch Khoai Tây
Puffed Potato Soufflé,Bánh Phồng Khoai Tây
Fancy Spiralled Tubers,Khoai Tây Xiên
Roasted Potato,Khoai Tây Nướng
Giant Potato,Khoai Tây Khổng Lồ
Giant Rotting Potato,Khoai Tây Khổng Lồ Thối Rữa
Fluffy Seeds,Hạt Khoai Tây
Potted Fern,Chậu dương xỉ
Powdercake,Bánh Bột
Powder Monkey,Thần Dân Khỉ
Empty Waterfowl Can,Bình Mỏ Chim đã cạn
Waterfowl Can,Bình Mỏ Chim
Prime Mate,Thuyền Trưởng Khỉ
Puffin,Hải Âu Cổ Rụt
Pumpkin,Bí ngô
Pumpkin Scooper,Muỗng xúc bí ngô
Pumpkin Knife,Dao cắt bí ngô
Pumpkin Saw,Cưa bí ngô
Pumpkin Cookies,Bánh Quy Bí Ngô
Faceless Pumpkin,Bí Ngô Không Mặt
Pumpkin Head,Đầu Bí Ngô
Pumpkin Pie,Bánh Bí Ngô
Hot Pumpkin,Bí ngô nóng
Pumpkin Lantern,Đèn bí ngô
Giant Pumpkin,Bí Ngô Khổng Lồ
Giant Rotting Pumpkin,Bí Ngô Khổng Lồ Thối Rữa
Sharp Seeds,Hạt Bí Ngô
Punching Bag,Bao Đấm Bốc
Bright Boxer,Tay Đấm Ánh Sáng
Shadow Boxer,Tay Đấm Bóng Đêm
Pure Brilliance,Quang Thạch Tinh Khiết
Nightmare Amulet,Bùa Ác Mộng
Purple Gem,Ngọc Tím
Purple Moonlens,Thấu Kính Mặt Trăng Tím
The Altar of Gnaw,Bệ Thờ Của Gnaw
Post,Cột
Ivy,Ivy
Queen Beast,Nữ Hoàng Quái Thú
Beast of Hunger,Quái Thú Háu Đói
Old Beefalo,Bò Già
Silver Bowl,Bát Bạc
Large Casserole Dish,Nồi Nướng Lớn
Small Casserole Dish,Nồi Nướng Nhỏ
Old Coin,Xu Cổ
Sapphire Medallion,Đồng Sapphire
Red Mark,Đồng Rubi
Gnaw's Favor,Đặc Ân Gnaw
Cooked Meat Scraps,Thịt Vụn nướng
Crab Meat,Thịt cua
Cooked Crab Meat,Thịt cua chín
Crab Trap,Bẫy cua
Large Grill Kit,Bộ Giá Nướng Lớn
Grill Kit,Bộ Giá Nướng
Oven Kit,Bộ Lò Nướng
Cookpot Kit,Bộ Nồi Hầm
Flour,Bột Mì
Cooked Foliage,Lá nấu chín
Loaf of Bread,Ổ bánh mì
Potato Chips,Khoai tây chiên
Vegetable Soup,Súp Rau Củ
Jelly Sandwich,Sandwich Thạch
Fish Stew,Cá Kho
Turnip Cake,Bánh Cải Tím
Potato Pancakes,Bánh Kếp Khoai Tây
Potato Soup,Súp khoai tây
Fishball Skewers,Cá Viên Xiên
Meat Skewers,Thịt Xiên
Stone Soup,Súp Mầm Đá
Croquette,Bánh Quế
Roast Vegetables,Rau Củ Nướng
Meatloaf,Bánh Thịt Xay
Carrot Soup,Súp cà rốt
Fish Pie,Bánh Cá
Fish and Chips,Cá Và Khoai Chiên
Meat Pie,Bánh Nhân Thịt
Sliders,Burger Nhỏ
Jelly Roll,Thạch Cuộn
Carrot Cake,Bánh Kem Cà Rốt
Garlic Mashed Potatoes,Khoai tây nghiền tỏi
Garlic Bread,Bánh Mì Tỏi
Tomato Soup,Súp Cà Chua
Sausage,Xúc Xích
Candied Fish,Kẹo Cá
Stuffed Mushroom,Nấm Nhồi
Ratatouille,Nộm rau
Bruschetta,Bruschetta
Meat Stew,Thịt hầm
Hamburger,Hamburger
Fish Burger,Burger Cá
Mushroom Burger,Bánh burger nấm
Curry,Cà ri
Spaghetti and Meatball,Thịt Viên Mỳ Ý
Lasagna,Lasagna
Poached Fish,Cá luộc
Shepherd's Pie,Bánh của người chăn cừu
Candy,Cục kẹo
Bread Pudding,Bánh Mì Pudding
Waffles,Bánh quế
Berry Tart,Bánh Nhân Mứt Dâu
Macaroni and Cheese,Nui Phô Mai
Bagel and Fish,Bánh Mì Cá Tròn
Grilled Cheese,Phô Mai Nướng
Cream of Mushroom Soup,Súp Kem Nấm
Manicotti,Mì Ống
Cheeseburger,Burger Phô Mai
Creamy Fettuccine,Fettuccine kem
Onion Soup,Súp Hành Tây
Breaded Cutlet,Bánh Mì Cắt Nhỏ
Creamy Fish,Cá Sốt Kem
Pizza,Pizza
Pot Roast,Đùi Nướng
Crab Cake,Bánh Cua
Steak Frites,Bí Tết
Shooter Sandwich,Sandwich Nhồi Thịt
Bacon Wrapped Meat,Thị Xông Khói Bọc
Crab Roll,Bánh Cuộn Cua
Meat Wellington,Bò Wellington
Crab Ravioli,Bánh Bao Cua
Caramel Cube,Bánh Caramel Khối
Scone,Bánh nướng
Trifle,Bánh Xốp Phủ Kem Và Trái Cây
Cheesecake,Bánh Kem Phô Mai
Bowl,Cái bát
Burnt Food,Thức ăn cháy
Plate,Đĩa
Roast Garlic,Tỏi nướng
Billy,Billy
Goat Milk,Sữa dê
Mumsy,Mumsy
Large Grill,Vỉ nướng lớn
Small Grill,Vỉ nướng nhỏ
Hoe,Cuốc
Key,Chìa khóa
Iron Key,Chìa khóa sắt
Streetlight,Đèn đường
Small Streetlight,Đèn đường nhỏ
Mealing Stone,Đá Nghiền
Bog Merm,Ngư dân Bãi lầy
Rundown House,Nhà người cá
Mushroom,Nấm
Cooked Mushroom,Nấm chín
Roast Onion,Hành tây nướng
Oven,Lò nướng
Iron Fence,Hàng rào sắt
Fountain,Đài phun nước
Iron Gate,Cổng sắt
Locked Iron Gate,Cổng sắt bị khóa
Stone Pillar,Cột Đá
Urn,Bình Di Cốt
Pebble Crab,Cua Cuội
Pigeon,Pigeon
Silver Plate,Đĩa bạc
Salt Pond,Ao muối
Large Cookpot,Nồi lớn
Roast Potato,Khoai tây chiên
Pot Hanger,Giá treo nồi
Cookpot,Nồi nấu
Syrup Pot,Nồi đựng xi-rô
Rotten Crop,Cây trồng thối rữa
Wrecked Bicycle,Xe đạp hỏng
Broken Carriage,Xe ngựa bị hỏng
Dilapidated Cathedral,Nhà thờ đổ nát
Dilapidated Chimney,Ống khói đổ nát
Smashed Clock,Đồng hồ nát vụn
Dilapidated Clocktower,Tháp đồng hồ bị đổ nát
Dilapidated House,Ngôi nhà đổ nát
Dilapidated Door,Cánh cửa đổ nát
Dilapidated Roof,Mái nhà đổ nát
Safe,Két Sắt
Locked Safe,Két Sắt bị khóa
Salmon,Cá Hồi
Cooked Salmon,Cá Hồi Chín
Salt,Muối
Salted {food},{food} đã nêm muối
Salt Crystals,Tinh Thể Muối
Salty {food},{food} Mặn
Salt Rack,Giá muối
Sap,Nhựa cây
Tree Tapping Kit,Bộ thu nhựa cây
Ruined Sap,Nhựa cây bị hỏng
Packet of Blue Seeds,Gói Hạt Lúa
Packet of Fluffy Seeds,Gói Hạt Khoai Tây
Packet of Spiky Seeds,Gói Hạt Tỏi
Packet of Pointy Seeds,Gói Hạt Hành Tây
Packet of Round Seeds,Gói Hạt Củ Cải
Packet of Oblong Seeds,Gói Hạt Cà Rốt
Packet of Seed Pods,Gói Hạt Cà Chua
Packet of Mixed Seeds,Gói Hạt hỗn hợp
Blue Seeds,Hạt Lúa
Spiky Seeds,Hạt Tỏi
Round Seeds,Hạt Củ Cải
Slaughter Tools,Dụng cụ giết mổ
Meat Scraps,Thịt Cua
Spot Spice,Gia Vị
Spotty Shrub,Bụi Đốm
Spotty Sprig,Nhành Lá Đốm
Sugarwood Tree,Cây Gỗ Ngọt
Swamp Pig Elder,Lợn Già Làng
Worn Pig House,Nhà lợn xuống cấp
House Rubble,Nhà đổ nát
Syrup,Xi -rô
Toma Root,Cà Chua
Roast Toma Root,Cà chua nướng
Sammy\nThe Lucid Bog Merm,Sammy\nNgười cá đầm lầy sáng suốt
Pipton\nThe Cognizant Bog Merm,Pipton\nNgười Cá Thông Minh
Turnip,Củ Cải Tím
Roast Turnip,Rang củ cải
Wheat,Lúa mì
Rabbit,Thỏ
Warren Wreath,Vòng Hoa Hang Thỏ
Rabbit Hole,Hang thỏ
Rabbit Hutch,Chòi Thỏ
Burrowing Horn,Sừng Đào Hang
Portable Den,Hang Di Động
Royal Rabbit Enforcer,Vệ Binh Hoàng Gia Thỏ
Rabbit King Cudgel,Chùy Vua Thỏ
Wrathful Rabbit King,Vua Thỏ Phẫn Nộ
Fortuitous Rabbit,Thỏ May Mắn
Benevolent Rabbit King,Vua Thỏ Nhân Từ
Short Circuit,Chập mạch
Rain Coat,Áo mưa
Rain Hat,Mũ Mưa
Rainometer,Vũ Kế
Razor,Dao cạo
Record,Đĩa Hát
Creepy Forest,Rừng rùng rợn
D.R. Style,D.R. Phong cách
E.F.S.,E.F.S.
Hallowed Night,Đêm Thánh
Red Gem,Ngọc Đỏ
Red Lantern,Đèn Lồng May Mắn
Red Moonlens,Thấu Kính Mặt Trăng Đỏ
Red Pouch,Túi May Mắn
Red Cap,Nấm Đỏ
Cooked Red Cap,Nấm Đỏ chín
Red Mushroom,Cây nấm Đỏ
Red Funcap,Mũ Nấm Ngộ Nghĩnh Đỏ
Reeds,Cây sậy
Collected Dust,Bụi Viên
Summer Frest,Vest Mùa Hè
Relic,Thánh tích
Science Machine,Máy Khoa Học
Alchemy Engine,Máy giả kim
Shadow Manipulator,Tay Máy Bóng Tối
Prestihatitator,Máy mũ ảo thuật
Clean Sweeper,Gậy Tẩy Trang
Meat Effigy,Bù Nhìn Thịt
Touch Stone,Đá thần
Resurrection Sickness,Ốm hồi sinh
Telltale Heart,Tim Mách Lẻo
Roasted Turkey,Gà Tây Quay
Redbird,Chim Đỏ
Snowbird,Chim Tuyết
Ironclad Costume Pattern,Bản Vẽ Bộ Bọc Thép
Rocks,Cục đá
Rock Lobster,Tôm hùm đá
Stone Fruit,Trái Cây Đá
Ripe Stone Fruit,Trái Cây Đá Chín
Cooked Stone Fruit,Trái Cây Đá Nướng
Sprouting Stone Fruit,Mầm Trái Cây Đá
Mini Glacier,Tảng băng nhỏ
Melted Mini Glacier,Tảng băng tan
Lava Pit,Hố nham thạch
Suspicious Boulder,Tảng Đá Đáng Ngờ
Petrified Tree,Cây hóa thạch
Clockwork Rook,Quân Xe
Damaged Rook,Quân Xe hỏng
Spelunker's Bridge Kit,Bộ Dụng Cụ Cầu Thám Hiểm
Rose-Colored Glasses,Kính Màu Hồng
Rotten Egg,Trứng thối
Royal Jelly,Sữa Ong Chúa
Thulecite Crown,Vương miện Thulecite
Lurking Nightmare,Ác Mộng Rình Rập
Replica Relic Bowl,Máng Thánh Tích
Replica Relic Chair,Ghế Thánh Tích
Replica Relic Dish,Bát Thánh Tích
Replica Relic Plate,Đĩa Thánh Tích
Replica Relic Table,Bàn Thánh Tích
Replica Relic Vase,Bình Thánh Tích
Thulecite Club,Chuỳ Thulecite
Blocky Ruins,Khối Tàn Tích
Broken Relic,Di vật vỡ
Resting Horror,Rùng Rợn Tĩnh Lặng
Ancient Chest,Rương cổ
Saddlehorn,Tra yên cưỡi
Saddle,Yên cưỡi
Glossamer Saddle,Yên Cưỡi Sang Trọng
Nightmare Saddle,Yên Cưỡi Ác Mộng
War Saddle,Yên cưỡi chiến
Battle Saddle,Yên Cưỡi Chiến Đấu
Salsa Fresca,Nước Sốt Tươi
Salt Box,Thùng Muối
Salt Lick,Muối liếm
Gourmet Salt Lick,Tảng muối tinh tế
Salt Formation,Mỏ Muối Biển
Salty Dog,Chó mặn
Salty Dog's Hat,Mũ Thủy Thủ Mặn Mòi
Sand Castle,Lâu Đài Cát
Sand Spike,Cột Cát
Bio Data,Tài Liệu Sinh Học
Friendly Scarecrow,Bù nhìn thân thiện
Crispy Skeleton,Xương cháy khô
Lost Scrapbook Page,Mất trang sổ lưu niệm
{name} Scrapbook Page,{name} trang sổ lưu niệm
Scrappy Chapauldron,Mũ Phế Liệu
Horizon Expandinator,Máy mở rộng chân trời
Potter's Wheel,Bàn thợ gốm
Sculpting Block,Khối điêu khắc
Marble Sculpture,Điêu khắc đá cẩm thạch
Suspicious Marble,Cẩm Thạch Khả Nghi
Sea Cocoon,Kén biển
Think Tank,Thùng Suy Ngẫm
Seafood Gumbo,Súp Mướp Tây Hải Sản
Sea Stack,Núi Đá Biển
Spark Ark,Hòm Thu Tia Sáng
Seed Pack-It,Ba Lô Đựng Hạt
Seeds,Hạt
Toasted Seeds,Hạt nướng
Ocuvigil,Mắt Đá Mặt Trăng
Sewing Kit,Cuộn Kim Khâu
Mannequin,Ma-nơ-canh
Trusty Tape,Băng Vá
Unseen Hand,Bàn Hoa Ác Mộng
Shadow Dancer,Vũ công Bóng đêm
Shadow Digger,Thợ Đào Ảo Ảnh
Shadow Duelist,Kiếm Sĩ Ảo Ảnh
Shadow Hand,Bàn tay bóng tối
Shadow Atrium,Tâm Nhĩ Hắc Ám
Possessed Shadow Atrium,Tâm Nhĩ Hắc Ám Bị Chiếm Hữu
Shadow Logger,Tiều Phu Ảo Ảnh
Shadow Miner,Thợ Mỏ Ảo Ảnh
Shadow Tentacle,Xúc Tua Bóng Đen
Mega Blight,Rệp Vừng Khổng Lồ
Ripple,Rệp Vừng Khổng Lồ
Ink Blight,Quái mực tai ương
Jitters,Jitters
Rasp,Rasp
Rictus,Rictus
Void Masque,Mặt Nạ Hư Không
Herald of Tenebrau,Sứ giả của Tenebrau
Shriek,Tiếng thét
Shadow,Bóng
Shadow Maul,Chùy Bóng Tối
Beefalo Gloom Bell,Chuông Bò Lai U Ám
Shadow Bishop,Quân tượng ảo ảnh
Shadowcraft Plinth,Giá Chế Tạo Bóng Đêm
Shadowcraft Plinth Kit,Bộ Giá Chế Tạo Bóng Đêm
Shadow Atrium Tendril,Dây Leo Tâm Nhĩ Bóng Tối
Shadow Knight,Quân mã ảo ảnh
Parasitic Shadeling,Bóng Ký Sinh
Shadow Rook,Quân xe ảo ảnh
Shallow Grave,Mộ Nông
Rockjaw,Cá Mập Hàm Đá
Frostjaw,Cá Mập Hàm Băng
Ice,Gai Băng
Combriner,Máy Kết Hợp Muối
Shell Cluster,Đùm Vỏ
Shenanigans,Tai Quái
Shield of Terror,Khiên Khiếp Đảm
Shovel,Xẻng
Brightshade Shoevel,Xẻng Quang Luyện
Stuffed Night Cap,Nấm Nhồi Tăm Tối
Mushy Cake,Bánh Kem Nấm
Shroom Skin,Da Cóc
Siesta Lean-to,Lán nghỉ
Silk,Tơ
Baritone Shell Bell,Vỏ Chuông Baritôn
Alto Shell Bell,Vỏ Chuông Antô
Soprano Shell Bell,Vỏ Chuông Xôpran
Sisturn,Di Cốt Chị Gái
Skeleton,Bộ xương
Bone Helm,Mũ Xương
Skeleton,Bộ Xương
{item} Sketch,Phác thảo {item}
Sketch,Phác thảo
Skullchest,Hòm đầu lâu
Napsack,Bom mê
Trusty Slingshot,Súng Cao Su
Ammo Pouch,Túi Đạn
Dread Pebbles,Đạn Kinh Hoàng
Freeze Rounds,Đạn Đóng Băng
Ickies,Đạn Nhầy
Gold Rounds,Đạn Vàng Viên
Kablooies,Đạn Nổ
Stickies,Đạn Dính
Pure Horror Rounds,Đạn Kinh Dị Thuần Túy
Swarming Horror,Kinh dị tràn ngập
Brightshade Husk Rounds,Đạn Vỏ Gai Sáng Bóng
Marbles,Đạn Cẩm Thạch
Moonshots,Đạn Trăng
Poop Pellets,Đạn Phân Khô
Pure Brilliance Rounds,Đạn Quang Thạch Tinh Khiết
Flash of Brilliance,Ánh chớp rực rỡ
Pebbles,Đạn Đá Cuội
Shockscrap Shots,Đạn Điện Phế Liệu
Slow-Down Rounds,Đạn Làm Chậm
Stinger Zingers,Đạn Ong Chích
Cursed Rounds,Đạn Yểm Bùa
Slingshot Field Kit,Bộ Dụng Cụ Ná Dã Chiến
Possessed Slingshot Band,Dây Ná Bị Ám
Pig Skin Slingshot Band,Dây Ná Da Heo
Flailing Slingshot Band,Dây Ná Vung Vẩy
{name}'s Slingshot,Súng cao su của {name}
Bony Slingshot Frame,Khung xương
Thulecite Slingshot Frame,Khung Thulecite
Scrappier Slingshot Frame,Khung tự chế cải tiến
Scrappy Slingshot Frame,Khung tự chế
Slingshot Jelly Grip,Tay cầm thạch
Slingshot Grip Tape,Băng Quấn Tay Cầm Ná
Slingshot Sticky Grip,Tay Cầm Dính
Slingshot Void Wrap,Vải quấn hư không
Basic Farm,Vườn cơ bản
Slurper,Con Mút
Slurper Pelt,Lông Con Mút
Slurtle,Sên Rùa
Shelmet,Mũ mai rùa
Slurtle Mound,Ổ Sên Rùa
Slurtle Slime,Nhớt Sên Rùa
Broken Shell,Vỏ ốc vỡ
Smallbird,Chim Non
Pipspook,Tiểu Hồn Ma
Morsel,Miếng thịt
Small Jerky,Miếng thịt khô
Crocommander,Chỉ Huy Cá Sấu
Snowball,Quả cầu tuyết
Large Snowball,Quả cầu tuyết lớn
Snowman,Người tuyết
Snurtle,Sên Rùa
Growth Formula Starter,Thuốc Tăng Trưởng
Super Growth Formula,Thuốc Siêu Tăng Trưởng
Fermented Growth Formula,Thuốc Tăng Trưởng Đã Lên Men
Fermenting Growth Formula,Thuốc Tăng Trưởng Đang Lên Men
Ewecus,Cừu Nhầy
Spear,Giáo
Pith Pike,Giáo Tủy
Spiral Spear,Giáo Xoắn
Battle Spear,Giáo chiến
Elding Spear,Giáo Cổ
Charged Elding Spear,Giáo cổ tích điện
Chef Pouch,Túi Đầu Bếp
Chili Flakes,Bột Ớt
Spicy {food},{food} Vị cay
Garlic Powder,Bột Tỏi
Garlic {food},{food} tỏi
Seasoning Salt,Muối Nêm
Honey Crystals,Tinh Thể Mật Ong
Sweet {food},{food} Ngọt
Spider,Nhện
Spider Den,Hang nhện
Den Decorating Set,Bộ Trang Trí Hang
Spider Eggs,Trứng Nhện
Spider Gland,Hạch nhện
Spiderhat,Mũ nhện
Spilagmite,Thạch Nhện
Spider Queen,Nhện Chúa
Dangling Depth Dweller,Nhện Đu Tơ
Nurse Spider,Nhện Cứu Thương
Healing Glop,Nhầy Cứu Thương
Cave Spider,Nhện hang động
Shoo Box,Hộp Xua Đuổi
Spitter,Nhện Phun Bọt
Spider Warrior,Nhện chiến binh
Sea Strider,Nhện Gọng Vó Biển
Webby Whistle,Còi Hú Nhện
Spoiled Fish,Cá Thối
Spoiled Fish Morsel,Miếng Cá Thối
Rot,Đồ thối
Spore Cloud,Đám mây bào tử
Red Spore,Bào Tử Nấm Đỏ
Lunar Spore,Nguyệt Quang Bào Tử
Green Spore,Bào Tử Nấm Lục
Blue Spore,Bào Tử Nấm Xanh
Skittersquid,Mực Ống
Polar Light,Sao Cực Quang
Dwarf Star,Sao Lùn
Brightshade Staff,Trượng Ánh Sáng
Weather Pain,Trượng thời tiết
Stagehand,Bàn Hoa
Prickly Stagehand,Bàn Hoa Sân Khấu
Stalagmite,Thạch nhũ
Reanimated Skeleton,Hài Cốt Tái Sinh
Ancient Fuelweaver,Thượng Cổ Hắc Ám
Woven Shadow,Dệt Bóng Đêm
Ancient Fuelweaver,Thợ dệt nhiên liệu cổ đại
Pirate Map,Bản Đồ Hải Tặc
Glommer's Statue,Tượng Glommer
Harp Statue,Tượng Đàn Hạc
Overgrown Statue,Tượng Đàn Hạc Phủ Dây Leo
Maxwell Statue,Tượng Maxwell
Steel Wool,Len Thép
Steering Wheel,Bánh Lái
Steering Wheel Kit,Bộ Bánh Lái
Stinger,Gai ong
Stone Chair,Ghế Đá
Stone Stool,Ghế đá
Stone Round Table,Bàn đá tròn
Stone Square Table,Bàn đá vuông
W.O.B.O.T.,W.O.B.O.T.
Straw Hat,Nón Rơm
Stuffed Eggplant,Cà tím nhồi
Stuffing,Bánh Nhồi
Succulent,Lá Mọng Nước
Dried Succulent,Mọng nước khô
Potted Succulent,Chậu Cây Mọng Nước
Sunken Chest,Rương Đắm
Spectackler Box,Hộp Đánh Bắt Đặc Biệt
Support Pillar,Giàn giáo cột trụ
Support Pillar Wreckage,Mảnh vỡ cột trụ
Reinforced Support Pillar,Trụ Đá Gia Cố
Dreadstone Pillar,Trụ đá kinh hoàng
Dreadstone Pillar Wreckage,Trụ đá kinh hoàng đổ ngã
Reinforced Dreadstone Pillar,Trụ Đá Kinh Hoàng Gia Cố
Dreadstone Pillar Scaffold,Giàn giáo Trụ Đá Kinh Hoàng
Pillar Scaffold,Giàn giáo trụ đá
Surf 'n' Turf,Surf 'n' Turf
Dapper Vest,Vest bảnh bao
Sweet Potato Casserole,Khoai Lang Áp Chảo
Soothing Tea,Trà Dịu
Brightshade Sword,Kiếm Ánh Sáng
Winter's Feast Table,Bàn Lễ Hội
Tackle Box,Hộp Đánh Bắt
{item} Advert,Phiếu Mẫu {item}
Advert,Quảng bá
Tackle Receptacle,Thùng Dụng Cụ
Taffy,Kẹo Bơ Cứng
Tallbird,Chim Cao
Tallbird Egg,Trứng chim Cao
Fried Tallbird Egg,Trứng chim Cao rán
Hatching Tallbird Egg,Trứng chim Cao đang nở
Tallbird Nest,Tổ chim Cao
Tall Scotch Eggs,Trứng Scoth Chân Cao
Tamales,Bánh Bột Hấp
Team Leader,Đội trưởng
Smallish Tallbird,Chim Hơi Lùn
Telelocator Focus,Tâm Dịch Chuyển
Wooden Thing,Đồ Gỗ
Box Thing,Đồ Hộp
Crank Thing,Đồ Tay Quay
Metal Potato Thing,Đồ Khoai Tây Kim Loại
Ring Thing,Đồ Vòng
Telelocator Staff,Gậy Dịch Chuyển
Beta Report,Báo cáo thử nghiệm
Tent,Lều
Tentacle,Xúc tu
Tentacle Spike,Chày Gai Xúc Tua
Tentacle Spots,Xúc tu đốm
Big Tentacle,Đại xúc tu
Baby Tentacle,Tiểu xúc tua
Big Slimy Pit,Hố nhầy
Terrarium,Terrarium
Conspicuous Chest,Rương Rõ Ràng
Terrorbeak,Mỏ Khiếp Sợ
Thulecite,Thulecite
Thulecite Bug Net,Lưới Côn Trùng Thulecite
Thulecite Fragments,Mảnh Thulecite
Shadow Thurible,Lư Hương Bóng Tối
Ticoon,Mèo trúc nhỏ
Tillweeds,Cỏ Thìa Lìa
Tillweed Salve,Dầu Thìa Lìa
Dried Tillweed,Tảo khô
Toadstool,Cóc nấm
Misery Toadstool,Cóc Nấm Đau Đớn
Hole,Hố
Roasted Toma Root,Cà Chua Nướng
Giant Toma Root,Cà Chua Khổng Lồ
Giant Rotting Toma Root,Cà Chua Khổng Lồ Thối Rữa
Spiky Seeds,Hạt Cà Chua
Top Hat,Nón Chóp Cao
Magician's Top Hat,Mũ Ảo Thuật Gia
Torch,Đuốc
Tornado,Lốc xoáy
Tourtiere,Bánh Nhân Thịt
The Lazy Deserter,Chốt Đào Tẩu
Desert Stone,Đá sa mạc
Trail Mix,Quả Hạt Trộn
Boarilla,Heo Vượn
Electrical Doodad,Linh kiện điện
Trap,Bẫy
Bramble Trap,Bẫy Mâm Xôi
Coals,Bẫy Than
Anenemy,Hải Quỳ
Tooth Trap,Bẫy Răng
Maxwell's Tooth Trap,Bẫy răng của Maxwell
Chest,Rương
Treasure Chest,Rương báu vật
Tree Jam,Mứt Bón Cây
Boulderbough,Cây Tảng Đá
Boulderbough Sapling,Cây giống Cây Tảng Đá
Boulderbough Seed,Hạt giống Cây Tảng Đá
Strident Trident,Đinh Ba Địa Chất
Melty Marbles,Cẩm thạch nóng chảy
Second-hand Dentures,Răng giả đã dùng
Lying Robot,Rô bốt dối lừa
Dessicated Tentacle,Xúc Tua Sấy Khô
Gnomette,Quỷ Lùn Bà
Leaky Teacup,Cốc chè hỏng
White Bishop,Quân tượng trắng
Black Bishop,Quân tượng đen
Bent Spork,Nĩa Cong
Toy Trojan Horse,Ngựa đồ chơi
Unbalanced Top,Con quay lỗi
Fake Kazoo,Kèn Kazoo
Back Scratcher,Cây Gãi Lưng
Beaten Beater,Thanh Gõ Nhịp
Frayed Yarn,Cuộn Len Sờn
Shoe Horn,Bót Giầy
Lucky Cat Jar,Bình Mèo May Mắn
Air Unfreshener,Móc Chìa Khóa
Potato Cup,Cốc khoai tây
Wire Hanger,Mắc quần áo
White Rook,Quân Xe Trắng
Black Rook,Quân Xe Đen
Gord's Knot,Nút Thắt Gord
White Knight,Quân Mã Trắng
Black Knight,Quân Mã Đen
Cubic Zirconia Ball,Khối Cầu Zirkonia
Spider Ring,Nhẫn Nhện
Monkey Paw,Chân Khỉ
Empty Elixir,Bình Thuốc Rỗng
Faux Fangs,Nanh Giả
Broken Stake,Bút Chì Gãy
Binoculars,Ống Nhòm
Lone Glove,Găng Tay Đơn
Gnome,Quỷ Lùn
Snail Scale,Cân Ốc Sen
Goop Canister,Hộp Kem Dưỡng
Toy Cobra,Hổ Mang Đồ Chơi
Crocodile Toy,Cá Sấu Đồ Chơi
Broken Terrarium,Cầu Thủy Tinh Vỡ
Odd Radio,Radio Kỳ Cục
Broken Hairdryer,Máy Sấy Tóc
Tiny Rocketship,Phi thuyền nhỏ
Frazzled Wires,Dây Điện Mòn
Ball and Cup,Bóng và Cúp
Hardened Rubber Bung,Nút Cao Su Cứng
Mismatched Buttons,Nút Áo Thừa
Fish Scale-O-Matic,Bể Trưng Bày Cá
Produce Scale,Cân Nông Sản
Breezy Vest,Vest Mát Mẻ
Puffy Vest,Vest Phùng
Koalefant Trunk Steak,Vòi voi nướng
Koalefant Trunk,Vòi voi
Winter Koalefant Trunk,Vòi voi mùa đông
Tumbleweed,Cỏ Lăn
Terra Firma Tamper,Cối Đóng Nền
Ancient Stonework,Nền Gạch Cổ
Beard Hair Rug,Nền Tóc Râu
Carpeted Flooring,Thảm Trải
Lush Carpet,Thảm Xa Hoa
Guano Turf,Đất Phân Dơi
Checkered Flooring,Nền Caro
Brick Flooring,Sàn Gạch
Gold Flooring,Sàn Vàng
Deciduous Turf,Đất Lá Rụng
Sandy Turf,Mảng Đất Cát
Dirt Turf,Mảng đất Thường
Scaled Flooring,Gạch Đóng Vảy
Forest Turf,Mảng đất Rừng
Fungal Turf,Mảng đất Nấm
Mutated Fungal Turf,Nềm Nấm Đột Biến
Grass Turf,Mảng đất Cỏ
Marsh Turf,Đất Đầm Lầy
Moon Crater Turf,Đất mặt trăng
Crater Turf Blueprint,Bản Thảo Đất mặt trăng
Moon Quay Beach Turf,Đất Nguyệt Cảng
Blue Mosaic Flooring,Sàn Khảm Xanh
Grey Mosaic Flooring,Sàn Khảm Xám
Red Mosaic Flooring,Sàn Khảm Đỏ
Mud Turf,Mảng đất Bùn
Rocky Beach Turf,Đất Đá Biển
Cobblestones,Đường Đá Cuội
Rocky Turf,Đất Đá
Ancient Flooring,Sàn Cổ
Imitation Ancient Flooring,Sàn Giả Cổ
Ancient Tilework,Ngói Cổ
Imitation Ancient Tilework,Ngói Giả Cổ
Ancient Brickwork,Gạch Cổ
Imitation Ancient Brickwork,Gạch Giả Cổ
Savanna Turf,Mảng đất Savanna
Shell Beach Turf,Nền Vỏ Trai
Shell Turf Blueprint,Bản Thảo Nền Vỏ Trai
Slimy Turf,Đất Nhớt
Cave Rock Turf,Mảng đất Hang Đá
Ancient Sanctum Stonework,Nền Thánh Điện Cổ Đại
Cave Fumarole Turf,Nền Miệng Phun Địa Nhiệt Hang Động
Wooden Flooring,Sàn Gỗ
Turkey Dinner,Tiệc Gà Tây
Roasted Turnip,Cải Tím Chín
Snortoise,Rùa Thép
Twiggy Tree,Cây Trơ Cành
Twiggy Tree Cone,Hạt Cây Trơ Cành
Twiggy Sapling,Chồi cây trơ cành
Twigs,Cành cây
Retinazor,Retinazor
Spazmatism,Spazmatism
Umbrella,Dù
Unagi,Lươn nướng
Unknown,Không rõ
Sanctum Relic,Thánh Tích Thánh Điện
Replica Sanctum Bowl,Bản Sao Bát Thánh Điện
Broken Sanctum Relic,Thánh Tích Thánh Điện bị hỏng
Replica Sanctum Planter,Bản Sao Chậu Cây Thánh Điện
Replica Sanctum Vase,Bản Sao Bình Thánh Điện
Sanctum Lustre,Đèn Quang Thánh Điện
Waymark Compass,La bàn dẫn đường
Lustrous Weevil,Mọt Sáng Bóng
Lever,đòn bẩy
Lustrous Socket,Ổ Cắm Sáng Bóng
Inner Sanctum Barrier,Rào Chắn Thánh Điện
Sanctum Purifier,Máy Thanh Tẩy Thánh Điện
Keystone,Đá Chốt
Pulse Cradle,Nôi Xung Lực
Chasm,Hang sâu
Reliquary,Tráp Thánh Tích
Chasm,Vực Sâu
Portation Orb,Quả Cầu Dẫn Lối
Portation Orb Fragment,Mảnh Quả Cầu Dẫn Lối
Ancient Guard Tower,Tháp Canh Cổ Đại
Guard Tower Site,Công Trường Tháp Canh
Guard Tower Kit,Bộ Tháp Canh
Guard Tower,Tháp canh
Ancient Tower,Tháp cổ
Guard Tower Core,Lõi tháp bảo vệ
Spark Socket,Ổ cắm tia lửa
Cranky Articulator,Khớp nối cáu kỉnh
Sanctum Smithy,Lò Rèn Thánh Điện
Sanctum Lunarune Stone,Tượng Đá Nguyệt Tự Thánh Điện
Sanctum Statue,Tượng Thánh Điện
Sanctum Waymark,Mốc Dẫn Lối Thánh Điện
Broken Sanctum Waymark,Mốc Dẫn Lối Thánh Điện bị hỏng
Flummoxing Flame,Ngọn Lửa Rối Trí
Breakfast Skillet,Bánh Mì Chảo
Vegetable Stinger,Nước Ép Rau Củ
Victorian Costume Pattern,Bản Thiết Kế Trang Phục Victoria
Dark Tatters,Vụn Vải Bóng Đêm
Void Cowl,Mũ Trùm Hư Không
Gloomerang,Gloomerang
Void Repair Kit,Bộ Sửa Đồ Hư Không
Shadow Reaper,Lưỡi Hái Bóng Đêm
Umbralla,Dù Bóng Đêm
Volt Goat Chaud-Froid,Chaud-Froid Vôn Dương
Thermalock Missile,Tên lửa Thermalock
W.A.R.B.O.T.,W.A.R.B.O.T.
W.A.R.B.O.T. Base,Đế W.A.R.B.O.T.
W.A.R.B.O.T. Base Kit,Bộ Lắp Ráp Đế W.A.R.B.O.T.
W.A.R.B.O.T. Parts,Bộ phận W.A.R.B.O.T.
W.A.R.B.O.T. Leg,Chân W.A.R.B.O.T.
Enlightened W.A.R.B.O.T.,W.A.R.B.O.T. Khai Sáng
Undisclosed Construct,Cấu trúc không được tiết lộ
Terramite Barrier Post,Trụ rào chắn Mối Cơ Khí
Warbler,Máy Bay Vo Ve
Gyroscopic Transduction Core,Lõi Chuyển Đổi Con Quay
Terramite,Mối Cơ Khí
Auto-Mat-O-Chanic,Auto-mat-o-chanic
W.A.R.B.I.S. Head Gear,Nón W.A.R.B.I.S.
Scrap,Sắt Vụn
Kinetoclasmic Field Expandinator,Bộ Mở Rộng Trường Động Phá
Substrate Extrapolator,Nền Đất Ngoại Suy
Fulcronial Selector,Bộ chọn Fucroronal
Notional Fabricator,Máy Chế Tác Hư Ảo
Research Notes,Ghi chú nghiên cứu
Glove,Găng tay
Clipboard,Bảng kẹp giấy
Abandoned Junk,Phế Liệu Bỏ Hoang
Research Notes,Ghi Chú Nghiên Cứu
Grainy Transmission,Wagstaff
Odd Tool,Odd Tool
Weird Tool,Weird Tool
Strange Tool,Strange Tool
Funky Tool,Funky Tool
Bizarre Tool,Bizarre Tool
Plank,Tấm ván
Archaic Plank,Tấm ván cổ
Scaled Plank,Tấm ván Vảy
Wooden Walking Stick,Gậy Gỗ Đi Bộ
Dreadstone Wall,Tường Đá Kinh Hoàng
Hay Wall,Tường rơm
Moon Rock Wall,Tường đá mặt trăng
Thulecite Wall,Tường Thulecite
Archival Thulecite Wall,Tường Thulecite Tàng Thư
Scrap Wall,Tường Phế Liệu
Stone Wall,Tường đá
Archival Stone Wall,Tường Đá Tàng Thư
Wood Wall,Tường gỗ
MacTusk,Hải Mã
Tam o' Shanter,Mũ nồi
Walrus Camp,Trại Hải Mã
Walrus Tusk,Ngà Hải Mã
Walter,Walter
Pinetree Pioneer Hat,Mũ Ca Nô
Wanda,Wanda
Odd Beefalo,Bò Lai kỳ lạ
Wandering Trader,Thương nhân lang thang
Wardrobe,Tủ quần áo
Varg,Chó Sói
Varglet,Chó Đầu Đàn
Varg Shrine,Đền thờ Varg
Warly,Warly
Warrior Costume Pattern,Bản Vẽ Bộ Chiến Binh
Killer Bee Hive,Tổ ong sát thủ
Waterballoon,Bóng Nước
Empty Watering Can,Bình Tưới Nước đã cạn
Watering Can,Bình Tưới Nước
Watermelon,Dưa hấu
Fashion Melon,Dưa Thời Trang
Melonsicle,Kem dưa hấu
Grilled Watermelon,Dưa hấu nướng
Giant Watermelon,Dưa Hấu Khổng Lồ
Giant Rotting Watermelon,Dưa Hấu Khổng Lồ Thối Rữa
Square Seeds,Hạt Dưa Hấu
Sea Weed,Hoa Tảo Dại
Sea Sprout,Mầm Hoa Tảo
Seedshell,Bom Vỏ Hạt
Sea Sprout Starter,Mầm Ươm Biển
Fire Pump,Bơm Cứu Hỏa
Great Tree Trunk,Thân cây Đại Thụ
Great Tree Root,Rễ Cây Đại Thụ
Sea Turtle,Rùa biển
Wigfrid,Wigfrid
Battle Helm,Mũ chiến
Commander's Helm,Nón Chỉ Huy
Battle Rönd,Khiên Chiến
Wavey Jones,Tay Ma Sóng Biển
Wax Paper,Giấy Sáp
Codex Umbra,Sách bóng đêm
Webber,Webber
Webber's Skull,Sọ webber
Baby Spider,Nhện con
Fire Nettles,Tầm Ma Lửa
Spiny Bindweed,Bìm Bịp Đất
Tillweed,Cỏ Thìa Lìa
Wendy,Wendy
Perennial Altar,Bàn Thờ Vĩnh Cửu
{name}'s Perennial Altar,Bàn Thờ Vĩnh Cửu của {name}
Kitschy Beaver Idol,Tượng Thần Hải Ly
Kitschy Goose Idol,Tượng Thần Ngỗng
Kitschy Moose Idol,Tượng Thần Hươu
Wes,Wes
Wet Goop,Đống bầy nhầy
Paper,Giấy
Crumpled Package,Túi Nhàu Nát
Tail o' Three Cats,Roi Đuôi Tam Miêu
Wickerbottom,Wickerbottom
Willow,Willow
Ethereal Ember,Than Hồng Thanh Khiết
Wilson,Wilson
Pinchin' Winch,Tời Trục Vớt
Pinchin' Winch Blueprint,Bản Thảo Tời Trục Vớt
Winona,Winona
Winona's G.E.M.erator,Máy Phát Điện Đá Quý của Winona
Winona's Generator,Máy Phát Điện của Winona
Winona's Catapult,Máy Ném Đá của Winona
Unstable Transmission,Truyền dẫn không ổn định
Doohickey,Đồ linh tinh
Gizmo,Gizmo
Handy Remote,Điều Khiển Cầm Tay
Winona's Spotlight,Đèn Pha của Winona
W.I.N.bot,W.I.N.bot
Portasol,Máy Dịch Chuyển
Teletransport Station,Trạm dịch chuyển tức thời
Winter Hat,Mũ Mùa Đông
Thermal Measurer,Nhiệt kế
Holiday Cheer,Nguyên Liệu Lễ Hội
Masonry Oven,Lò Nướng Gạch
Gingerbread Cookie,Bánh Quy Gừng
Sugar Cookie,Bánh Quy Đường
Candy Cane,Kẹo Gậy
Eternal Fruitcake,Bánh Trái Cây Vĩnh Cửu
Chocolate Log Cake,Bánh Gỗ Sô-cô-la
Plum Pudding,Pudding Mận
Apple Cider,Rượu Táo
Hot Cocoa,Cacao nóng
Heavenly Eggnog,Trứng Khuấy Sữa
Festive Bauble,Trang Sức Lễ Hội
Magnificent Adornment,Trang Sức Lộng Lẫy
Champion Adornment,Trang Sức Quán Quân
Appeasing Adornment,Trang Sức An Ủi
Festive Light,Đèn Lễ Hội
Sentimental Adornment,Trang sức tình cảm
Winter's Feast Tree,Cây Lễ Hội Mùa Đông
Festive Tree Planter,Chậu Cây Lễ Hội
Wobster Mound,Gò Tôm Hùm
Lunar Wobster,Tôm Hùm Trăng
Wobster,Tôm Hùm Biển
Dead Wobster,Tôm Hùm Chết
Delicious Wobster,Tôm Hùm Thơm Ngon
Woby,Woby
Woby Snacks,Bánh Quy Woby
Wolfgang,Wolfgang
Coaching Whistle,Còi Huấn Luyện
Wonkey,Wonkey
Hardwood Hat,Mũ Gỗ Cứng
Woodie,Woodie
Wooden Chair,Ghế Tựa Gỗ
Wooden Stool,Ghế Đẩu Gỗ
Round Wooden Table,Bàn Gỗ Tròn
Square Wooden Table,Bàn Gỗ Vuông
The World,Thế giới
Depths Worm,Sâu Đất
Worm Hole,Hố Giun
Sick Worm Hole,Hố Giun Bệnh
Glow Berry,Quả phát sáng
Lesser Glow Berry,Quả Phát Sáng Nhỏ
Mysterious Plant,Cây bí ẩn
Wormwood,Wormwood
Great Depths Worm,Sâu Đất Khổng Lồ
Dirt Mound,Ổ đất
Wortox,Wortox
Wortox?,Túi Hút Linh Hồn
Knabsack,Túi Hút Linh Hồn
Twintailed Heart,Trái Tim Hai Đuôi
Soul,Linh Hồn
Soul Jar,Bình Linh Hồn
Wurt,Wurt
Brilliant Mudslinger,Quang Trượng Bùn Đất
Dreaded Mudslinger,Hắc Trượng Bùn Đất
WX-78,WX-78
Beanbooster Circuit,Mạch Phục Hồi
Chessmaster Circuit,Mạch Kỳ Thủ
Refrigerant Circuit,Mạch Tản Nhiệt
Redigestion Circuit,Mạch tái tiêu hóa
Thermal Circuit,Mạch Giữ Nhiệt
Illumination Circuit,Mạch Phát Quang
Super-Illumination Circuit,Mạch Siêu Phát Quang
Hardy Circuit,Mạch Cứng Cáp
Super-Hardy Circuit,Mạch Siêu Cứng
Super-Gastrogain Circuit,Mạch Siêu Tiêu Hóa
Gastrogain Circuit,Mạch Tiêu Hóa
Super-Processing Circuit,Mạch Siêu Xử Lý
Processing Circuit,Mạch Xử Lý
Acceleration Circuit,Mạch Tăng Tốc
Super-Acceleration Circuit,Mạch Siêu Tốc
Chorusbox Circuit,Mạch Thanh Âm
Optoelectronic Circuit,Mạch Cảm Quang
Rangebooster Circuit,Mạch tăng cường phạm vi
Sonic-Invoker Circuit,Mạch Gầm Hú
Blocking Circuit,Mạch Phòng Thủ
Spin-Cycle Circuit,Mạch Xoay Vòng
Spatializer Circuit,Mạch không gian
Electrification Circuit,Mạch Điện Từ
Backup Chassis,Thân Máy Dự Phòng
Portable Storage Unit,Bộ lưu trữ di động
Roto-Mapper,Máy Dò Bản Đồ
Zaptrocuter,Máy Giật Điện
Zaptrocuter Controller,Bộ điều khiển Máy Giật Điện
Nutribrick,Lương Khô
Spectral Transfer Module,Mô-đun truyền quang phổ
Collapsed Storage Unit,Đơn vị lưu trữ thu gọn
Expansive Storage Unit,Đơn vị lưu trữ mở rộng
Circuit Extractor,Kìm Ngắt Mạch
Extractor,Kìm Ngắt
Possessed Chassis,Thân Máy Bị Chiếm Hữu
{name}'s Possessed Chassis,Thân Máy Bị Chiếm Hữu của {name}
Bio Scanalyzer,Máy Quét Sinh Học
Exploiterator,Drone Khai Thác Điểm Yếu
Auto-Grabber,Máy Thu Thập Tự Động
B.U.D.D.Y.,B.U.D.D.Y.
Magiluminescence,Bùa Phát Quang
Yellow Gem,Ngọc Vàng
Yellow Moonlens,Thấu Kính Mặt Trăng Vàng
Star Caller's Staff,Gậy Gọi Sao
Beefalo Shrine,Miếu Thờ Bò
Lucky Beast Beefalo Doll,Búp Bê Bò Kỳ Lân
Dolled-Up Beefalo Doll,Búp Bê Bò
Festive Beefalo Doll,Búp Bê Bò Lễ hội
Formal Beefalo Doll,Búp Bê Bò Trang Trọng
Frostbitten Beefalo Doll,Búp Bê Bò Cóng Lạnh
Flowery Beefalo Doll,Búp Bê Bò Hoa cỏ
Ironclad Beefalo Doll,Búp Bê Bò Bọc thép
Victorian Beefalo Doll,Búp Bê Bò Victorian
Warrior Beefalo Doll,Búp Bê Chiến Binh Bò
Fearsome Pattern Scrap,Mảnh Mẫu Rời Đáng Sợ
Formal Pattern Scrap,Mảnh Mẫu Rời Hình Thức
Festive Pattern Scrap,Mảnh Mẫu Rời Tiệc Tùng
Beefalo Stage,Sân Khấu Bò Lai
Sewing Machine,Máy Khâu
Sewing Machine Kit,Bộ Máy Khâu
Judge's Booth,Rạp Giám Khảo
Navigation Gym,Máy Tập Điều Hướng
Navigation Gym Kit,Bộ Tập Điều Hướng
Reflex Gym,Máy Tập Phản Xạ
Reflex Gym Kit,Bộ Tập Phản Xạ
Speed Gym,Máy Tập Chạy
Speed Gym Kit,Bộ Tập Chạy
Endurance Gym,Máy Tập Độ Bền
Endurance Gym Kit,Bộ Tập Độ Bền
Checkpoint,Điểm Kiếm Soát
Checkpoint Kit,Bộ Kiểm Soát
Finish Line,Vạch Đích
Finish Line Kit,Bộ Vạch Đích
Starting Point,Điểm Xuất Phát
Starting Point Kit,Bộ Xuất Phát
Carrat Scale,Cân Cà Ruột
Carrat Scale Kit,Bộ Cân Cà Ruột
Packet of Seeds,Túi Hạt Giống
Premium Seed Packet,Túi Hạt Giống Cao Cấp
Claw Anchor,Neo Móng Vuốt
Claw Anchor Kit,Bộ Neo Móng Vuốt
Dragonfly Shrine,Đền Thờ Chuồn Chuồn
Claw Oar,Mái chèo vuốt nhọn
Dragonfly Boat Wheel,Bánh lái Chuồn Chuồn
Dragonfly Boat Wheel Kit,Bộ Bánh lái Chuồn Chuồn
Rocking Mare,Ngựa Bập Bênh
Rocking Mare Kit,Bộ ngựa bập bênh
Gilded Knight's Helmet,Mũ của Đồng Hồ Mã Mạ Vàng
Clockwork Knight Shrine,Đền thờ Đồng Hồ Mã
Shtick Horse,Ngựa Trò Hề
Joust-a-Dash,Lao Kích Hiệp Sĩ
Tribute Roast,Cống Phẩm Nướng
Eight Treasure Mud Pie,Bánh Bùn Bát Bảo
Fish Heads on a Stick,Đầu cá treo
Short Rabbit Lamp,Đèn Thỏ Lùn
Tall Rabbit Lamp,Đèn Thỏ Cao
Pillow Fight Pit,Hố Đập Gối
Pillow Fight Bell,Chuông Đấu Gối
Pillow Fight Pit Kit,Bộ Hố Đập Gối
Bunnyman Torch,Ngọn đuốc người thỏ
Bunny Roll,Bánh Cuộn Thỏ
Moon Cake,Bánh Trung Thu
Moon Jelly,Thạch Trung Thu
Skewered Puffs,Xiên Bánh Xốp
Bunnyman Shrine,Đền Thỏ
Glove of Challenge,Găng Tay Thách Thức
Jubilantern Post,Cột Đèn Lễ Hội
Jubilantern Post Kit,Bộ Lắp Ráp Cột Đèn Lễ Hội
Depths Worm Shrine,Đền Sâu Đất
Gilded Depths Worm,Sâu Đất Mạ Vàng
Catcoon Shrine,Đền Mèo
Equinor,Xuân Bính Ngọ
Equinor Survivors Chest,Rương Sinh Tồn Xuân Bính Ngọ
Maxwell Equinor Chest,Rương Xuân Bính Ngọ Maxwell
Webber Equinor Chest,Rương Xuân Bính Ngọ Webber
Willow Equinor Chest,Rương Xuân Bính Ngọ Willow
Wilson Equinor Chest,Rương Xuân Bính Ngọ Wilson
Winona Equinor Chest,Rương Xuân Bính Ngọ Winona
The Equinor,Xuân Bính Ngọ
Silky Equinor Beard,Bộ râu Xuân Bính Ngọ mượt mà
Equinor Beard,Râu Xuân Bính Ngọ
Chest,Rương
Keeps Floaty safe,Giữ an toàn cho phao
Midsummer Cawnival,Lễ Hội Hạ Chí
Cawnival,Lễ Hội Quạ
Gustree,Cuồng Phong
Victoria,Chiến thắng
The Victorian,Quý Tộc Cổ Điển
Guest of Honor,Thượng Khách
The Creature,Sinh Vật Lạ
Wormhole,Hố Giun
Leviathan,Thủy Quái
Merrymaker,Sứ Giả Niềm Vui
Gothic,Gô Tích
Embers,Than Hồng
Planar Defense,Phòng Thủ Xuyên Giáp
Planar Damage,Sát Thương Xuyên Giáp
Planar,Xuyên Giáp
Reticulating Buffer,Ống Nghe Lúc Lắc
Widget Deflubber,Phụ Tùng Không Tiện Dụng
Grommet Scriber,Sổ Ghi Chép
Conceptual Scrubber,Bộ Dụng Cụ Cọ Chà
Calibrated Perceiver,Bộ Thu đã Hiệu Chỉnh
Battle Stingers,Chiến Khúc